submit_id,name,phone
2282,Jennifer,+79511904041
9898,Jeffrey,+79824419733
9005,Linda,+79074725672
1507,Teresa,+79864203598
3803,Tanya,+79779567654
5351,Lindsay,+79818056314
9262,Holly,+79492883186
7363,Sharon,+79323094610
4705,Jessica,+79035076887
6148,Gabriel,+79763476258
4926,Michael,+79007408862
3823,Patrick,+79549207982
4951,Cameron,+79335443328
2733,Robert,+79752185660
1938,William,+79785933427
2934,Bradley,+79833514346
22,Michelle,+79980687808
6845,Alisha,+79027372303
243,Eric,+79527208561
534,Jennifer,+79951079715
5467,Austin,+79964042844
2257,Sarah,+79343766165
9312,Joseph,+79783910438
2792,Paula,+79054797611
7410,Mark,+79556400907
9885,Joan,+79533979930
5908,Carlos,+79904804904
5971,Michael,+79018534487
7876,Yesenia,+79013803940
8129,Reginald,+79341620974
4928,Brandon,+79391813491
9166,Ruben,+79085025722
231,Shawn,+79442116896
6403,Bryan,+79307475258
7832,Lindsay,+79653175891
6329,John,+79946374057
905,Brandon,+79911197381
7564,Robert,+79694435643
4680,Sean,+79858384716
5197,Erik,+79175504590
5511,Emily,+79188644942
6372,Marie,+79535823093
9609,Joshua,+79209717914
8747,Janice,+79145704614
148,Diane,+79882277430
2637,Lawrence,+79589136527
6213,Kenneth,+79290997495
2946,Jenna,+79648001218
3729,Nancy,+79536786274
1979,Leslie,+79229702227
5826,Maria,+79868002808
1998,Steven,+79540661319
6976,Jacqueline,+79312544775
3997,Sandra,+79913151257
6487,Jose,+79922505051
8684,James,+79845563761
7182,Jamie,+79608063822
9262,Russell,+79703551243
9886,Amanda,+79609663251
5218,Alyssa,+79119754846
3946,Samuel,+79375701639
3232,Frank,+79935529516
7087,Melissa,+79653359800
6198,Denise,+79735124795
1494,Lisa,+79122486633
7186,Alexandra,+79801754182
1183,Matthew,+79882909126
4057,William,+79969886598
7206,Kimberly,+79462087239
730,Timothy,+79564450766
4859,Troy,+79479020497
8063,Stephanie,+79574299454
4429,Rachael,+79696003773
824,Emily,+79888125389
6106,Kelly,+79983257734
4910,Barry,+79625792211
6612,Shawn,+79090858868
5,Janice,+79161074442
3376,Robert,+79441805750
8294,Wayne,+79114705257
6419,Amy,+79979932948
9029,John,+79083056247
4282,Lisa,+79329781727
3702,Jennifer,+79901914831
4617,Sabrina,+79860672624
7000,Frank,+79971538477
5731,Alex,+79051078779
8992,Kelly,+79544813889
8158,Christina,+79379253660
8461,Jacqueline,+79014034332
9173,Lindsey,+79318342086
3591,Michael,+79474052132
4836,Justin,+79783393067
3044,Mary,+79907309427
7595,Harry,+79399428975
8111,Andrea,+79356880627
3448,Luis,+79046636368
7275,Debra,+79930252261
1199,Catherine,+79832019675
7546,Elizabeth,+79834605270
9694,Christopher,+79301574400
6447,Ricky,+79756931659
3336,Karen,+79045034369
8583,Jennifer,+79218738204
7362,Teresa,+79965903056
1179,Carrie,+79765363825
4842,Derek,+79194677814
1118,Stacy,+79370681120
995,Carlos,+79633050571
9778,Albert,+79040872132
5523,Debbie,+79522723633
8194,Susan,+79753381187
6975,Melvin,+79111535966
1020,Justin,+79744514055
1174,Mark,+79449382188
5456,Jennifer,+79811486109
9983,Jorge,+79884078141
1600,Michelle,+79520375414
3518,Deborah,+79877837468
804,Jessica,+79601424603
6036,Carlos,+79257417179
3993,Kathryn,+79121505587
6435,Karen,+79120823555
4782,Ronald,+79230297651
7307,David,+79159361931
5857,James,+79423850213
7932,Leah,+79946584583
3192,Tyler,+79987945609
4305,Dawn,+79259999989
3204,Jennifer,+79508386852
4944,Bradley,+79716726686
1524,Kevin,+79311052383
336,Kimberly,+79562725855
8176,Tina,+79765131967
9849,John,+79170313048
2155,Darryl,+79987918958
6363,Laura,+79113529061
5571,Karen,+79881812003
66,Dustin,+79210294550
8508,Robin,+79621578267
3471,Beverly,+79464411190
4923,Tamara,+79614804917
7801,Craig,+79274173000
6222,Elizabeth,+79673089378
5612,Christine,+79706807686
1643,Luis,+79632439322
5838,Christina,+79998424990
957,Evan,+79969779240
2855,Ryan,+79884225779
5759,Deborah,+79294347479
7704,Benjamin,+79279480592
602,Tina,+79858934255
9545,Stephen,+79122756554
5228,William,+79133625908
550,Michael,+79575354033
6476,Wendy,+79876273372
3040,Shawn,+79579767991
4154,Erin,+79461184575
7404,Anne,+79442245069
6208,Cameron,+79811559530
5505,Adam,+79049511882
4530,Randy,+79039719127
3372,Alison,+79032871299
6107,Gregory,+79396644192
9839,Antonio,+79549814121
1600,Kathryn,+79819004325
6706,Stacy,+79160317254
9743,Elizabeth,+79810904124
9746,Anne,+79790325160
4249,Katelyn,+79518247595
4687,Jessica,+79728108677
5971,Thomas,+79949522802
8190,Chris,+79854676343
839,Jesse,+79864418043
4574,Cindy,+79002712402
4206,David,+79239223246
3745,John,+79664955779
7518,James,+79408137234
9924,Nicholas,+79583679382
9317,James,+79993280648
8665,Steven,+79120607293
1068,Kathy,+79549312441
1958,Shelly,+79662382070
1474,Kristin,+79150612372
2914,Mark,+79212958373
5538,Robert,+79859056903
4940,Lisa,+79743358436
9230,Reginald,+79640611106
6370,Steven,+79194479354
5320,Jacob,+79341990630
3136,Allison,+79138837184
4906,Curtis,+79648821181
3090,Bradley,+79397839011
9031,Jasmine,+79650487594
4373,Katie,+79011491574
8814,Jay,+79083336185
6069,Jonathan,+79969651809
691,Richard,+79117073775
3118,Mark,+79164485560
4608,Stephanie,+79267430950
4648,Michael,+79102706983
4135,Yolanda,+79175403825
8565,Erika,+79984574668
4881,Luis,+79501088108
1461,Michele,+79192644526
7289,Christopher,+79541387110
654,Maria,+79570069638
2584,Keith,+79359540212
9565,Elizabeth,+79834685248
6401,David,+79845460421
3499,Bradley,+79562921818
5914,Patricia,+79635313268
7480,Matthew,+79301697131
2081,David,+79704465717
4652,Crystal,+79124091141
4448,Elizabeth,+79284570040
7792,Julie,+79487900445
7971,Dan,+79860190854
4953,April,+79353199713
5606,Kenneth,+79756012383
6694,Michael,+79200528046
4732,Alan,+79610259341
6010,Laura,+79795314729
4578,Crystal,+79500762166
7389,Jennifer,+79803386626
9728,Michael,+79661864141
1430,Mary,+79629242501
3717,Justin,+79634370640
3886,Scott,+79639082983
4971,James,+79088873494
1704,Timothy,+79574230391
3140,Daniel,+79524614170
2609,Leah,+79545397754
370,Annette,+79271389403
8916,Michael,+79521865737
8949,Maria,+79963395752
1925,Tricia,+79332000822
5935,Paul,+79851389974
9935,Robert,+79908563861
3593,Tara,+79004930915
2810,Troy,+79913281053
3964,Donna,+79767965349
3647,William,+79516012519
314,Christopher,+79721749251
5717,Matthew,+79098293412
1496,Chad,+79674756736
7473,Shane,+79134362582
1494,James,+79635531243
9105,Rebecca,+79942183448
478,Ellen,+79703889943
6072,Alicia,+79148182921
8068,Karen,+79522240784
1689,Cheryl,+79942425035
4689,Angela,+79066868326
7876,David,+79189934180
6892,Carolyn,+79390668688
7348,Justin,+79421075355
93,James,+79590648522
9193,Margaret,+79352647527
9152,Aaron,+79877982602
3265,Lisa,+79308379869
683,Lisa,+79840973666
3099,Paul,+79534683294
8342,Edgar,+79958889681
3516,Rhonda,+79267735546
528,Nicole,+79959043013
1065,Mallory,+79303927162
2980,Roy,+79444451376
1367,Jeffrey,+79421240221
9296,Molly,+79786174628
1749,William,+79237232167
2249,Norma,+79836127466
6743,Carmen,+79799929940
6990,James,+79654459049
4683,Chelsea,+79529067237
9576,Megan,+79061271178
4645,Willie,+79044263485
9178,Miguel,+79220829770
3396,Cynthia,+79663445906
1328,Ethan,+79019400365
7223,Alexandra,+79711356002
1157,Laura,+79805417532
4753,Jerry,+79755080909
2351,Jessica,+79648225574
2290,Leonard,+79141583160
715,Sophia,+79200890220
5795,Michelle,+79107666751
1986,Chase,+79115764769
8716,Peter,+79190300256
8023,William,+79750674649
2230,Carmen,+79131939509
9722,Olivia,+79089347905
1793,Terri,+79304544158
5415,Mark,+79024448684
1634,Daniel,+79160196387
1480,Danielle,+79120040175
2338,Catherine,+79954146646
9219,Troy,+79219694367
2280,Wayne,+79580482849
8458,Joshua,+79800773801
6145,Ashley,+79814279108
7296,Kaitlyn,+79013167201
6166,Janet,+79509903993
906,Alyssa,+79582369261
8606,Debra,+79729525783
8822,Jason,+79503699226
3985,Jessica,+79806781241
4684,Tanya,+79036722732
776,Mathew,+79475669682
6648,Alex,+79343747499
1369,David,+79974279093
6581,Christina,+79632760203
5008,Chelsea,+79881024545
4907,Sean,+79443106837
1747,Michael,+79014291814
872,Kenneth,+79939088741
6052,Desiree,+79439689222
6941,Jocelyn,+79024984995
8146,Brenda,+79739946455
2860,Sydney,+79845902579
1534,Joshua,+79206697266
8962,Brian,+79410102181
338,Chelsea,+79289247017
4537,Danielle,+79764289271
8477,Brenda,+79116587955
1997,Carol,+79830546951
5982,Amanda,+79094786774
1857,Justin,+79199768962
533,Sara,+79378316130
8698,Daniel,+79101911207
9572,Steve,+79117065247
2351,Jerry,+79394937374
4459,Cynthia,+79804640440
2929,Sara,+79085546880
9755,Kenneth,+79550873356
8216,Lisa,+79451427311
9685,Lisa,+79567549986
9411,Adam,+79227737980
5984,David,+79322367489
160,Natalie,+79648006362
8810,Alison,+79146610833
3666,David,+79868481666
9397,Timothy,+79420710319
7003,Brenda,+79201798513
9061,Marie,+79696044585
169,Derrick,+79611290000
2643,Alexander,+79602234988
578,Erika,+79843944226
9164,Adrienne,+79826946710
3701,Daniel,+79197386922
5595,Shannon,+79142851333
3479,Michael,+79610610240
9746,James,+79814138577
2272,Bethany,+79915803395
440,Brian,+79685945588
3360,Christopher,+79516190155
4763,Jennifer,+79721832976
2086,Carrie,+79615542309
9606,Jennifer,+79265788988
8918,Matthew,+79063569060
6694,Patrick,+79630300116
5532,Christina,+79655281291
3308,Christopher,+79153514227
4803,Jerome,+79548310022
2573,Susan,+79987487310
6618,Joseph,+79142272719
9874,Michelle,+79412976061
7414,Ryan,+79512136776
6695,Daniel,+79596429996
9091,Jerry,+79678558145
2317,Jamie,+79197881679
3591,Desiree,+79006656672
6154,Anna,+79840964759
9415,Rodney,+79237369767
8067,Barbara,+79606535546
6473,Robert,+79332453720
4714,Maria,+79192461948
330,Christopher,+79862796636
2215,Kaitlyn,+79476430118
9758,Richard,+79438302341
6762,Kyle,+79156817844
7012,Lisa,+79293240782
2365,Sandra,+79709215596
3325,Steven,+79103607512
1589,Dale,+79656972936
1126,Charles,+79835295345
2992,Diane,+79460107416
5936,Sarah,+79720164409
1985,Brenda,+79122102284
1960,Amanda,+79154256360
292,Haley,+79987723954
4843,Morgan,+79821066832
2172,Jennifer,+79660137500
953,Janice,+79192255151
6072,Lauren,+79733093387
4245,Lindsey,+79605897185
5435,David,+79542924574
7948,Paul,+79784791123
7667,Stephanie,+79754998900
7102,Julie,+79188687702
9800,Brian,+79823928737
8609,Michael,+79194130975
7185,Marcus,+79544633701
8770,Susan,+79560604631
9275,Nancy,+79653391722
6638,Benjamin,+79740007200
3411,John,+79675466975
5267,Lynn,+79649158123
5934,Douglas,+79164686129
4122,Kathryn,+79767445819
1873,Cory,+79694967267
189,Charlotte,+79884053332
1325,John,+79982439462
1458,Olivia,+79528866513
8014,Michael,+79221142517
1893,Justin,+79227585168
2290,Thomas,+79446430137
2379,Madeline,+79973283627
4328,Joshua,+79206468745
8913,Philip,+79284439922
5195,Andrea,+79408780547
559,Anthony,+79364957830
3380,Emily,+79760353833
660,Tammie,+79738952793
8494,Ryan,+79318864552
8556,Deborah,+79956290888
6607,Cynthia,+79493124032
9764,Anthony,+79117539006
7087,Heather,+79550557531
776,Jonathan,+79748229952
122,Mary,+79851964949
2690,Tyler,+79842826486
524,Laura,+79564582000
9763,Brian,+79407460086
7293,Lori,+79450000350
1287,Christina,+79124678728
2444,Sue,+79675244288
9628,Jessica,+79319737766
7879,Nicolas,+79985633323
4966,Virginia,+79124073833
3080,Daniel,+79674019950
4490,Brandon,+79732106618
5361,Haley,+79926753518
278,David,+79651071920
5657,Michelle,+79275506330
7679,Janet,+79541847583
8787,Jason,+79295368652
7175,Joshua,+79414699951
4954,Virginia,+79260682998
4822,Andrew,+79222684422
8688,Charles,+79716067517
5588,Lynn,+79518551534
7824,Ryan,+79783230396
3605,Maria,+79011976834
345,Robert,+79551116771
7358,Stephanie,+79534148487
3807,Melissa,+79621387545
1981,Ryan,+79644686315
5094,Andrea,+79342698930
7879,Jared,+79756037446
6400,Steven,+79551524158
7073,Donald,+79198818080
3446,Trevor,+79651014763
8297,Gary,+79085094140
8486,Matthew,+79115903708
4135,Jasmine,+79419292606
8880,Austin,+79684631763
810,April,+79124461619
3893,Earl,+79123532184
4129,Eric,+79382547007
9986,Lynn,+79155912426
8959,Jillian,+79519861560
2148,Timothy,+79704880288
9718,Maxwell,+79018909990
6789,Stephanie,+79822202757
5316,Michael,+79144818551
6989,Mary,+79938743151
7258,Dale,+79501069118
7972,Seth,+79417974725
416,Roy,+79549641488
606,Christina,+79078533197
6336,Latasha,+79646010692
2109,Kenneth,+79812099279
1430,Holly,+79110527725
432,David,+79736978337
6282,Pamela,+79127839175
1688,Samuel,+79622559381
418,Gloria,+79096642841
8045,Jose,+79828301581
7281,Matthew,+79988348622
1552,Jennifer,+79368329435
1452,Deanna,+79815141532
8570,Devin,+79090877302
4032,Daniel,+79788762598
9292,Kenneth,+79040475150
1612,Stephanie,+79810950072
29,Brandon,+79658864667
8417,Ryan,+79930887341
5022,William,+79133112844
3163,Matthew,+79856113565
5110,John,+79782637881
3948,Dylan,+79376352452
7101,Donna,+79522358762
4703,Tamara,+79627457849
2079,Yolanda,+79231886023
6424,Tamara,+79303410659
3119,Robert,+79876392957
763,Peter,+79726903581
9984,Shannon,+79469735644
6721,Renee,+79313130171
81,Brett,+79123508662
941,Courtney,+79315200226
1719,Sheila,+79489434428
7474,David,+79979241987
4655,Kenneth,+79741851326
5216,Cheyenne,+79276558051
3562,Anthony,+79670870264
7845,Benjamin,+79086322643
6653,Brittany,+79603659208
277,Lisa,+79426298081
9127,Kathryn,+79812905419
9565,Robert,+79970425285
9915,Karen,+79198163776
5790,Melvin,+79688656509
9553,Tanya,+79867659226
5905,Kara,+79332666740
8093,Daniel,+79034719560
341,Michaela,+79472538292
1072,Stacy,+79185793939
1044,Jonathan,+79280129785
487,Kathryn,+79825306548
8776,Daniel,+79636434284
9665,Stacy,+79080995942
1138,Erica,+79954935789
5065,Tammy,+79731848869
8951,Brendan,+79613685295
3203,Joseph,+79129878480
4323,Brian,+79983714887
5002,Sharon,+79608644893
8425,Eric,+79822247672
5911,Victor,+79927443808
748,Larry,+79297867886
3861,Traci,+79975077046
4956,Brandon,+79829305879
9632,Jennifer,+79558188605
9849,Stacey,+79174161802
8303,Heidi,+79862605932
3480,Jeremy,+79913046684
6869,Erin,+79599839264
7618,Darius,+79877190590
9429,Lisa,+79737853982
9268,Jade,+79398764957
9642,Denise,+79113350173
7414,Michael,+79176667325
289,Kelly,+79842581034
1597,Sara,+79733777305
8686,Matthew,+79625909897
1066,Kristina,+79750902109
799,Jennifer,+79768759980
5689,Christopher,+79818048251
813,Robert,+79706705349
6662,Kathy,+79692478792
6373,Katherine,+79036997192
7864,Nancy,+79626787114
7949,Amanda,+79209909265
5814,Sandra,+79372650863
4909,Robin,+79079822272
4801,Kevin,+79475181466
3177,Daniel,+79643736191
2929,Alyssa,+79288929527
6745,Daniel,+79888283650
799,Scott,+79843635696
8000,Cheryl,+79003523583
251,Lucas,+79039545534
3481,Jennifer,+79967272566
1015,Richard,+79154287390
2007,Clifford,+79617855108
6695,Greg,+79890003110
2877,John,+79315328622
7174,Nicholas,+79285070278
9060,Nicole,+79252837073
5428,Gregory,+79838743158
3208,Andrew,+79471103188
8793,Katherine,+79368116129
7910,Larry,+79738291817
2476,Thomas,+79878432183
5729,Jessica,+79886483656
1034,Andrew,+79957702346
7811,Michael,+79705958155
4757,David,+79219460859
6794,Jessica,+79493626810
6236,Melinda,+79040909113
3217,Kristine,+79072726401
3364,Michelle,+79459308407
8597,Richard,+79396348770
9391,George,+79636759993
5249,Mary,+79539789838
3270,Joel,+79465063895
14,Cameron,+79032502665
2165,Victoria,+79679305368
4800,Michael,+79517228225
275,Brian,+79673501134
484,Angela,+79534047769
1361,John,+79332330561
8132,David,+79352717429
7931,Sarah,+79761565960
9616,Angela,+79689234409
9962,Craig,+79464632603
4864,James,+79317071957
1253,Lisa,+79916169955
7525,Kristin,+79313293209
2603,Trevor,+79684677272
1008,Elizabeth,+79141059794
6863,Dawn,+79129742682
7453,Robert,+79538837554
9837,Marissa,+79469740501
3613,Amanda,+79094830457
9078,Eric,+79280614838
8630,Yesenia,+79081740034
8766,Johnny,+79242924783
854,John,+79021312340
9587,Maria,+79486212663
5948,Ashley,+79113730863
2895,James,+79037573646
1710,Thomas,+79251277701
4670,Jason,+79936004904
2465,Jeffrey,+79522277861
2189,Richard,+79794651928
5298,Selena,+79515453743
2499,Shelby,+79862928832
3544,Donna,+79551841907
5597,Andrea,+79076685205
535,Anthony,+79667459040
9963,Jared,+79725231108
5086,Steven,+79871564925
9417,Jamie,+79499892605
601,Jessica,+79951730395
8427,Kendra,+79379635090
615,Troy,+79613556283
8217,Joel,+79912045079
7083,Megan,+79492890702
7547,Christine,+79078578181
5238,Gary,+79723637849
1338,John,+79902836481
5597,Jill,+79103048403
2513,Jesus,+79441982247
7854,William,+79487568732
3022,Cody,+79372527987
8969,Bryan,+79009769037
4011,Gene,+79670397597
5931,William,+79821576996
7434,Matthew,+79963230757
7164,Matthew,+79811514980
3556,Larry,+79791277923
4844,Helen,+79310978219
2840,Larry,+79957497447
9806,Jonathan,+79136864876
9891,Alexandra,+79728137976
6153,Alexandria,+79075422651
7749,Jessica,+79607046529
9567,Derrick,+79591848208
576,Allen,+79543707783
169,Diana,+79844175509
1061,Brandi,+79831845992
6059,Richard,+79396387465
1678,Melissa,+79621037903
4239,Catherine,+79048560830
6550,Omar,+79662506917
1227,Michelle,+79887356296
9337,Jacob,+79325718294
7001,Daniel,+79336818740
9692,Denise,+79457634894
4699,Patrick,+79814760427
2687,Russell,+79642372112
8283,Becky,+79878137690
8911,Lauren,+79396099313
183,Travis,+79931077161
8942,Carlos,+79190682067
3546,Evan,+79994389557
4460,Nancy,+79216270856
5960,Susan,+79691429786
838,Dana,+79197600872
7218,Michael,+79786620390
9556,Danny,+79665346969
5536,Kimberly,+79269375746
9166,Dustin,+79472086124
7246,Adam,+79745904518
7415,Morgan,+79642229552
2800,Adam,+79842529607
4424,Alicia,+79355475015
7177,Troy,+79504761539
7917,Allison,+79877361984
7037,Tonya,+79317412520
3514,Laura,+79007377583
5489,Amber,+79198465990
491,William,+79878872993
6519,Timothy,+79163308417
9916,Rachel,+79327100887
5401,Richard,+79424349169
725,James,+79086365442
868,Jeffrey,+79211126452
534,Daniel,+79089423289
2780,Raymond,+79494448304
5784,Jessica,+79447759299
8562,Jennifer,+79682710034
5818,Tanya,+79245446503
8012,John,+79320929232
6493,Shelby,+79109799306
4866,Frank,+79791339933
7302,Marcus,+79275327913
5957,Timothy,+79477512064
5412,Scott,+79194069349
6001,Brian,+79097288779
6833,Robert,+79400070811
1920,Holly,+79540121863
5453,William,+79129918140
3789,Justin,+79003804747
8663,Veronica,+79525419643
9830,David,+79130217797
1364,Justin,+79635403454
886,Alyssa,+79368282512
9388,William,+79942547789
937,Paula,+79136988379
9202,Nancy,+79266665243
5234,Sheri,+79002247560
2578,Vincent,+79571789707
7934,Laura,+79152449972
3823,Rhonda,+79885556621
7866,Tracy,+79296052132
9808,Richard,+79521785353
1080,Tiffany,+79063110113
2283,Brittany,+79902507973
8886,Jared,+79235962221
9742,Katelyn,+79457220475
4569,Jacob,+79219583659
8940,Jennifer,+79119237478
203,Daniel,+79203280624
1720,Christina,+79797199194
2045,Kenneth,+79906828759
2773,Dylan,+79000742416
4459,Tiffany,+79665972069
7708,Henry,+79738316356
1716,Judy,+79259619714
6307,Brett,+79706330390
8138,Dylan,+79311636114
7639,Timothy,+79363008809
7901,Jessica,+79499013966
9387,Caroline,+79830895596
232,Kimberly,+79438088561
5936,Mark,+79950296750
8827,Sarah,+79400976327
7134,Cynthia,+79460395684
7140,Brooke,+79439543082
8202,Emily,+79175806026
5402,Cheryl,+79897828752
807,Heather,+79286139882
5030,Kayla,+79068510230
7152,Karen,+79555558921
8129,Cassandra,+79506556290
7621,Steven,+79467931121
1405,David,+79193920115
9107,Ashley,+79759646706
7883,Gwendolyn,+79329688067
111,Christopher,+79510516372
9021,Patricia,+79075219853
7747,Troy,+79268389112
4702,Charles,+79054802843
9915,Paul,+79613247468
3775,Matthew,+79108097089
5579,Virginia,+79502235189
691,Lisa,+79251192837
2764,Leah,+79233866718
2818,Justin,+79899691692
9009,Brian,+79404710612
4742,Justin,+79240460433
2427,Geoffrey,+79803873016
9100,Andrew,+79754134026
680,William,+79944428885
2509,Brent,+79038553578
1386,Mary,+79024434192
7256,Joseph,+79429435414
3160,Savannah,+79913839994
2194,Felicia,+79971202095
6782,Ryan,+79273864653
9846,Samantha,+79963718420
1717,Diane,+79969236597
7846,Justin,+79112364701
5717,Monique,+79729412266
7918,Parker,+79403127521
8834,Cynthia,+79349463074
5705,Eric,+79110626274
6476,Erin,+79711069087
6631,Jamie,+79509133848
9933,Rachel,+79642442358
3984,Alexa,+79686922318
94,Russell,+79092185566
3609,Drew,+79470219791
2978,Lindsey,+79817639796
4229,Kim,+79227461858
7967,Matthew,+79557867831
8321,Devon,+79379765260
232,Emily,+79491200919
1374,Tracy,+79386406417
7665,Susan,+79986242883
8178,Scott,+79643957337
6585,Cassidy,+79193093471
2296,Karen,+79022042102
957,Cynthia,+79095739129
100,Brandi,+79922740018
4746,Christopher,+79853251517
8153,Jennifer,+79504526581
2021,Andrew,+79830638005
9985,John,+79438904462
9540,Virginia,+79526499163
8287,Andrew,+79728392678
4019,Danielle,+79469571060
3410,Eddie,+79033663103
731,Elizabeth,+79479734707
6167,Evan,+79676845699
6794,Maria,+79759120167
2278,Juan,+79065999200
3194,Alexis,+79479478742
4075,Kenneth,+79505133984
7959,Matthew,+79100652223
1784,Angela,+79852145900
250,Laurie,+79352718516
8188,Kathryn,+79871923243
7457,Derek,+79895816584
2972,Christina,+79883240611
9018,Bradley,+79043471274
7346,Judith,+79191078249
4478,Pamela,+79060170620
4974,William,+79579392922
4507,Vicki,+79451906278
5176,Haley,+79835921294
4394,Sara,+79386616775
170,Matthew,+79475141840
8770,Donald,+79948623778
5563,Morgan,+79371947705
2398,Timothy,+79302676216
4834,Vincent,+79978343096
3042,Barbara,+79694924524
7872,Andrew,+79979954114
249,Mark,+79730197715
805,Brandon,+79911312182
6416,Katherine,+79145202852
8066,Jose,+79139953529
9571,Tyler,+79725519972
3811,Matthew,+79009548319
7414,Michael,+79801975502
7143,Alexis,+79032230069
9942,Christine,+79618857785
3470,Robert,+79263749016
4365,William,+79998356921
2120,Brian,+79684316730
9829,Zachary,+79239812595
7303,Elizabeth,+79204275479
3109,Sheri,+79132773985
6767,Arthur,+79306990338
4934,Sean,+79279299568
2313,Wendy,+79721252032
8236,Brittany,+79065260210
6424,Ashley,+79262913236
2444,Martha,+79114024429
5230,Hannah,+79029954505
7154,George,+79138611923
5388,Laura,+79415217565
7396,Paige,+79696839511
4663,Kimberly,+79042715114
1385,Kevin,+79888517444
2433,Diamond,+79088221225
1517,Angela,+79324379946
4711,Becky,+79541192288
9532,Lawrence,+79820355089
1771,Heidi,+79721741578
6225,Lori,+79158229175
5965,David,+79449893581
8089,Dennis,+79553333136
3555,Alan,+79724959315
3687,Peter,+79334123110
4885,Stephanie,+79913238738
4454,Jessica,+79727480064
6845,Michelle,+79279280008
336,James,+79337678365
7780,Matthew,+79365241595
3624,Janet,+79181250915
2445,Zachary,+79257850846
402,Hannah,+79847232379
1910,Cody,+79509933784
7596,Patricia,+79531140947
6859,Michael,+79170906834
1842,Renee,+79618563982
8068,Alexandria,+79912259379
632,Carol,+79819674789
7521,Peter,+79547846362
5560,Christopher,+79016222908
9155,Dale,+79953351204
9458,Matthew,+79109587595
1423,Natasha,+79990260618
5613,Nicole,+79217448905
4977,Matthew,+79078200246
8781,Jason,+79547831624
4486,Bruce,+79283932831
6616,Billy,+79277645769
2279,Kimberly,+79838808128
7550,Mary,+79891979916
4604,Jamie,+79708700642
5713,Thomas,+79288322570
6517,Rachel,+79194403559
6552,Shawn,+79837853607
7026,Jared,+79012315121
5116,Lucas,+79962286979
6985,Jessica,+79764450217
137,Jay,+79816612752
127,Emily,+79867591602
6138,Patricia,+79844498990
4220,Jason,+79537186399
1986,Anna,+79461817212
6153,Tina,+79028677677
1807,Teresa,+79347202721
2570,Trevor,+79094197031
7209,Margaret,+79994566346
4439,Matthew,+79182137422
4037,Richard,+79247651452
4637,Larry,+79631480662
8965,Kelly,+79548070532
1170,Michelle,+79594737190
2927,Haley,+79680406151
1408,James,+79122221359
4928,David,+79753388646
7806,Robert,+79089452794
6052,Teresa,+79319780001
2025,Mary,+79572187536
6266,Donna,+79466926223
3662,Adam,+79547790813
7054,Dennis,+79496943092
1985,Regina,+79607454817
7183,Mitchell,+79775264915
674,Timothy,+79959365316
3102,Michelle,+79062292857
9506,Michael,+79528477194
9152,Kristin,+79274696461
8142,Janet,+79414399973
4635,Christine,+79087214935
9112,Claudia,+79400745338
954,Caroline,+79386371986
1638,Julie,+79803798238
2788,Jacob,+79223233945
6214,Tristan,+79887586205
6055,Stacy,+79283973071
6648,Kim,+79462208327
7906,Jennifer,+79232642540
19,Jenna,+79061170028
246,David,+79204488961
7389,Donald,+79906289922
2601,John,+79063249744
5351,Janet,+79851882934
7378,Wendy,+79572569440
7391,Edwin,+79675222897
133,Melissa,+79170601709
4441,Lori,+79028261878
2713,Daniel,+79267768034
9709,Craig,+79004299618
5692,Tyler,+79252850677
9612,Michael,+79651526836
5670,Ethan,+79134783934
4884,Jacob,+79562506485
1914,Daniel,+79953518534
1431,Ashley,+79340575551
6373,Brian,+79519943348
1633,Christopher,+79308639379
4113,Julia,+79256594345
8930,David,+79561418088
1316,Nicholas,+79650028855
6539,Cody,+79111857592
2442,Steven,+79142818463
4291,Jessica,+79292857685
1154,Brett,+79494087268
5380,Reginald,+79455164111
677,Nicole,+79381894235
1371,Michael,+79841413520
1406,Scott,+79368616887
7016,Michael,+79597781239
8348,Kristi,+79782352027
7367,Scott,+79489230537
3490,Krystal,+79793737553
1523,Carla,+79404087824
6911,Jessica,+79397746820
6176,David,+79162773055
7445,Larry,+79859725577
6749,Cheryl,+79534603197
2894,John,+79665890495
3324,Richard,+79908976030
9135,Diane,+79087871914
163,Teresa,+79162097602
8977,Derek,+79676945176
730,Kim,+79262413918
3860,Emily,+79741562852
572,Daniel,+79729416708
3486,Ralph,+79498776382
5158,Alan,+79091911522
1664,Laura,+79233211830
1184,James,+79915680541
1147,Robert,+79200038674
8051,Vanessa,+79224242993
4565,Paul,+79371188947
5950,Nicholas,+79079005949
9133,Anthony,+79283579095
9801,Wayne,+79417608021
9134,Dominic,+79195287494
237,Peggy,+79708503144
9699,Shannon,+79385626546
7568,Robert,+79369016119
4555,Austin,+79243819636
5368,Shannon,+79218709223
5101,Eric,+79101087041
8937,William,+79973398162
38,Aaron,+79729666648
8705,Kristy,+79282089568
9877,Jerry,+79377019261
264,Laura,+79065457403
589,Sean,+79425106639
5047,Deborah,+79463150965
3016,April,+79165592468
7598,Heather,+79182252566
282,Jennifer,+79024441796
2759,Samuel,+79350674444
9736,Mike,+79982633038
8,Laura,+79104101435
7272,Michael,+79817207903
1614,Nancy,+79720232075
4192,Jenna,+79008747494
5926,Teresa,+79620557406
7691,Christina,+79027684060
5524,William,+79351316104
3907,Derrick,+79223943219
4421,Brian,+79072426127
7498,Lisa,+79802132506
391,Laura,+79928613500
7587,Brendan,+79612766136
6872,Sean,+79160899566
1447,Juan,+79940298514
9716,Jeffrey,+79560489230
7201,Brandon,+79141329036
9275,Karen,+79929130088
6899,Evan,+79884338022
9664,Katie,+79258515961
7137,Randy,+79276261897
4609,Robert,+79139733691
1788,Jeremiah,+79176846779
8060,Paul,+79813186146
3108,Ashley,+79619407418
8498,Donald,+79984464552
6051,Brian,+79964719559
7944,Sheila,+79654343164
6880,Wendy,+79947733947
1900,Nicole,+79119106928
3484,Kevin,+79580167773
1445,Matthew,+79440817570
1203,Savannah,+79384423204
8511,Carol,+79411252530
7839,John,+79270762565
2492,Courtney,+79453650628
844,Richard,+79513738232
5588,Dana,+79112143708
8645,Jason,+79716355409
739,Andrew,+79884321497
5432,Michael,+79722382568
7718,Yvette,+79205699982
7665,Denise,+79703446038
1073,Becky,+79100032847
9979,Rhonda,+79157185937
2637,Alexandra,+79543923677
1389,Erin,+79963931044
6872,Jessica,+79528249243
9451,Andre,+79760552044
142,Edward,+79894529548
8879,Heather,+79065839081
9809,Taylor,+79741271142
1951,David,+79369289785
512,Colleen,+79513603499
8668,Troy,+79830321185
226,Cindy,+79367548922
4896,Christopher,+79908420803
4884,Wyatt,+79201427849
8182,Theresa,+79142506484
8764,Ebony,+79742780844
8188,Daniel,+79410532434
2154,Ashley,+79667361283
5074,Caroline,+79276909101
9238,Angela,+79542446197
7231,Kaitlin,+79354340910
5636,John,+79313958160
6513,Joseph,+79869032322
4134,Joshua,+79510953334
5315,Stephen,+79848687247
7379,Michael,+79608146555
8397,Timothy,+79661290719
2965,Lauren,+79340442058
181,Caroline,+79150557094
1800,Amy,+79829383575
128,Christopher,+79213783814
93,Rebecca,+79310938079
3494,Donald,+79665943450
8593,Daniel,+79937407489
9856,Victoria,+79051006353
2185,Philip,+79066903974
7461,Dalton,+79418409729
6995,Nancy,+79464704388
2644,Brandon,+79621119373
5290,Charles,+79948107469
6629,Valerie,+79789660927
5071,Sarah,+79360438125
2443,Marc,+79744061993
4988,Andre,+79057476017
2868,Craig,+79518343188
7498,Brian,+79323265570
1567,James,+79406891918
4410,Marcus,+79932325085
2585,Nicole,+79595831868
5273,Jeremiah,+79212971715
4490,Victor,+79394184015
4429,Michael,+79537830745
3706,Calvin,+79750739560
126,Angela,+79663754938
3272,Benjamin,+79512105681
3356,Jason,+79291587457
498,Matthew,+79991452629
6541,Martha,+79127848032
1969,Cody,+79211027724
5183,Katherine,+79582425963
6683,Robert,+79049136456
949,Michele,+79182418318
1907,Heather,+79898547516
5351,Susan,+79523137544
8455,Randy,+79201260054
7556,Lauren,+79206191503
1603,Erica,+79945635557
4751,Jeffrey,+79678138908
1163,Sharon,+79752329707
4260,David,+79051070319
4302,Curtis,+79831681816
6862,Crystal,+79040710192
9707,Danielle,+79110702250
8142,Stephanie,+79009810041
1945,Courtney,+79164819062
1624,Marilyn,+79236870790
4972,Misty,+79544057085
5831,Christopher,+79093628080
2586,Robin,+79859662843
5844,Stephanie,+79743271732
508,Makayla,+79272988736
5512,Lindsey,+79447093971
4828,Brandon,+79655178579
4028,Hannah,+79949707592
4164,James,+79359808839
3543,Jessica,+79615424593
4815,Jason,+79970777759
4455,Ann,+79093424832
8380,Christopher,+79614633717
300,Kayla,+79474651846
976,Vincent,+79762108117
3290,Michael,+79876071692
2036,Steven,+79216571673
7136,Jesse,+79272145718
7496,Shannon,+79706672670
1677,Roy,+79352770690
406,Jeffrey,+79231861797
2035,Lynn,+79068884737
7320,Kendra,+79208915345
1579,Martin,+79280448693
9358,Peter,+79166478053
3340,Crystal,+79259329082
5468,Christina,+79406062315
9590,Sean,+79982425405
8372,Richard,+79011704168
7625,Charlotte,+79497782310
7678,Mitchell,+79831203614
8377,Brenda,+79951414938
4023,Zachary,+79436102695
9883,Greg,+79929437310
1700,David,+79143702969
7474,Richard,+79450143814
9040,Melinda,+79278163646
1014,Kristin,+79624035644
6280,Steven,+79979741373
858,Brandon,+79468455603
3368,Samantha,+79165375404
4432,Joshua,+79538341148
4319,David,+79991414434
2883,Patrick,+79166771306
8826,David,+79722110504
5149,Jamie,+79269473100
4463,Melissa,+79122467310
147,Bruce,+79896754870
6484,Annette,+79377595974
8319,Drew,+79751085497
5148,Antonio,+79564649367
4985,John,+79383941781
6017,Jaime,+79990022544
3816,David,+79475700972
8722,Cheryl,+79426439821
3295,Cassidy,+79358114689
3936,Stephanie,+79588231247
6594,Charles,+79276537724
2410,Ruth,+79420064055
8048,Megan,+79912656965
407,Jennifer,+79649882599
4127,Colleen,+79857453688
7500,George,+79759971630
5111,Lisa,+79059899920
8687,Amber,+79467440307
2989,Jackson,+79796724131
9145,James,+79105486382
5302,Erin,+79560021484
1757,Darren,+79574400636
5034,Stephen,+79830731307
7018,Carmen,+79379349633
6026,Sarah,+79592827342
4196,Anthony,+79932241517
9579,Mary,+79544560257
1375,Alexis,+79178689283
8315,Barbara,+79210960683
3821,Monica,+79463493557
8895,Carol,+79859534100
6303,Dennis,+79202401895
4026,Dylan,+79420226572
338,Chad,+79463138475
5357,Anthony,+79916161332
841,Reginald,+79670560546
4464,James,+79886495204
7536,Brandon,+79651169975
9142,John,+79239201930
5479,Bryan,+79337814841
2879,Jose,+79265222362
7194,Tiffany,+79320065391
1014,Jennifer,+79547875102
8132,Michael,+79567472920
9069,Jose,+79970618016
588,Teresa,+79909893670
2914,Kathryn,+79480742413
6983,Carolyn,+79036691228
2727,Matthew,+79657186257
712,Brian,+79201006133
389,Benjamin,+79089796100
5179,Richard,+79313985091
1224,Alexander,+79481794648
858,Peggy,+79105331658
3840,David,+79649491831
9748,Lori,+79541276393
6371,Hannah,+79019059219
5986,Rachel,+79310318064
7688,William,+79979110985
8271,Shannon,+79449306467
7444,Brett,+79628678151
1519,Craig,+79129087170
2220,Richard,+79167024158
4671,Cody,+79633891301
2600,Ronald,+79508047959
9335,Thomas,+79653202955
4242,Antonio,+79930519243
7389,Wendy,+79017450731
1795,David,+79772106916
7714,Wendy,+79415906050
396,Kathryn,+79050599359
492,Faith,+79971120324
2163,Anthony,+79230387270
9403,Joseph,+79836923259
787,Gary,+79516878103
8550,Wesley,+79187120389
919,Jennifer,+79530757779
1778,Leslie,+79158593844
9998,Kyle,+79136668299
908,Mark,+79013647668
2994,Joshua,+79649512031
1828,Jessica,+79922141678
8465,Andrew,+79189999740
9313,Carol,+79446178343
8516,Christine,+79344732450
1712,Kyle,+79871767730
2760,Sean,+79234396960
6062,Carla,+79057312423
5306,Nina,+79323429082
8857,Cynthia,+79603112486
2816,Nicole,+79027826438
3646,John,+79644387117
2893,Luis,+79804026796
8004,Jacob,+79989325146
4983,Gregory,+79214188989
4892,Haley,+79588661634
6379,Victoria,+79446438810
5423,Traci,+79296130711
577,Scott,+79285319421
5194,Christopher,+79743241046
304,Tonya,+79395176071
729,Matthew,+79019760083
6289,David,+79905476915
5356,John,+79767469394
8709,Devon,+79452204269
311,Emily,+79452380986
8276,Elizabeth,+79318013873
2265,Brandi,+79505766830
8564,Mary,+79291910985
3911,Cody,+79355892820
8898,Benjamin,+79916548159
4926,Timothy,+79243983680
1626,Christine,+79596787079
7409,Holly,+79976042824
5571,Dawn,+79133108582
9661,Deborah,+79766773468
1472,William,+79708729466
2454,Sydney,+79491740271
4463,Veronica,+79500131064
7261,Danny,+79347723563
7093,Tiffany,+79014523495
9604,Elizabeth,+79251335975
1674,Sarah,+79215398177
6085,Ricardo,+79656893217
1813,Jonathan,+79524135125
3834,Mary,+79583693634
9259,David,+79047586457
279,Sandra,+79726322646
7998,Justin,+79943074596
3747,Joseph,+79482973915
3241,Jared,+79998971964
1482,Anne,+79499551939
1328,John,+79756588652
3324,Gregory,+79775264171
969,Taylor,+79550449982
5014,Justin,+79727471458
6197,Jeremy,+79217242805
8740,Sarah,+79697527217
1110,Natalie,+79499110142
9204,Michelle,+79714725975
6260,Robin,+79225893802
2430,Tammy,+79032877337
1378,Alexander,+79660098549
1638,Marcus,+79508757978
2755,Joshua,+79353557976
7528,Kelly,+79526955740
9215,Jonathan,+79779456329
6252,Mark,+79661330936
544,Samantha,+79707318273
4747,Jonathan,+79595711493
4265,Kathleen,+79106308952
8017,Robert,+79830859670
3712,Jason,+79650443890
9493,Andrew,+79074857277
554,Jonathan,+79662234326
9523,Mark,+79182321272
7977,Jade,+79413051420
9999,Andrew,+79692574091
1080,Justin,+79719216822
5650,Victoria,+79102606472
2318,Rebecca,+79710823086
1687,Lisa,+79953566009
8012,Alex,+79504079917
1932,Larry,+79344797512
1508,Matthew,+79223980077
4489,Carolyn,+79747209337
6263,Ryan,+79431595001
9421,Linda,+79767029509
9702,Matthew,+79665262282
2693,Sara,+79006522491
1158,Jeffrey,+79559831868
8822,Stephanie,+79144510523
7565,Jamie,+79924290401
596,Peter,+79221126755
2634,Darren,+79109987158
2315,Emily,+79759743563
7852,Teresa,+79151542049
2695,Jeffrey,+79957386858
4038,Christian,+79819324534
7319,Michael,+79450597855
5493,Tracy,+79812104238
5866,Benjamin,+79409234577
1719,Alfred,+79432624481
3130,Patrick,+79644087402
9180,Kevin,+79942084110
874,Calvin,+79055425404
8904,Desiree,+79429238889
5216,Randy,+79993664111
2497,Dustin,+79203215470
6064,Rodney,+79674296493
8286,Lee,+79716638018
8913,Matthew,+79769131666
2502,John,+79087320120
3422,Karen,+79908511975
8232,Jackie,+79880102728
3213,Cheryl,+79683980694
4900,Janet,+79256835631
4217,Tracy,+79115192475
6291,Sara,+79911354636
2686,Christopher,+79183115904
1999,Nathaniel,+79473738907
9640,Ernest,+79316769448
3616,Christopher,+79895551993
1363,Sherry,+79350322865
3474,Matthew,+79895195862
2939,Sandra,+79301860054
8815,Johnathan,+79399169307
8182,Andrew,+79957190092
1774,Lucas,+79630700697
7731,Bailey,+79236309167
1873,Christopher,+79227929608
7065,Rachel,+79685473072
9282,Susan,+79054112427
3351,Jesse,+79859563795
2348,Heidi,+79779683171
6223,Rodney,+79662123403
9579,Jeff,+79374768988
3714,Jenna,+79241243544
5157,Tamara,+79908147475
5933,Norman,+79551049565
4715,Lindsay,+79650051752
4285,Stefanie,+79376859273
5963,Christopher,+79066843153
6233,Cory,+79739868172
3461,Amanda,+79357907874
7881,Kelli,+79056697590
1824,Karen,+79940030226
5306,Vincent,+79382113928
5942,Patricia,+79621768219
9229,George,+79199782023
3414,Jacob,+79022215987
365,Jade,+79409345940
5320,Lisa,+79034759335
499,Steve,+79940664178
9131,Daniel,+79874683895
2086,Cheryl,+79021849820
1505,Jasmine,+79503641444
5803,Lisa,+79676844455
9748,Allison,+79411724168
7850,Kristen,+79588040432
4504,Amy,+79502650581
1424,Willie,+79990024352
5985,Jamie,+79063457642
8914,Andrea,+79253618598
9594,Kendra,+79765974618
6141,Bryan,+79204484986
9116,Matthew,+79689707845
5768,Nichole,+79712595999
9426,Kathleen,+79831050778
7791,Olivia,+79981322581
4416,Jeanne,+79364558229
6509,Mackenzie,+79467340673
3152,Derek,+79267373772
6994,Bridget,+79473799782
4169,Luis,+79415401804
7843,Jennifer,+79462511100
6634,Lawrence,+79398432473
2152,Gabrielle,+79362181341
3397,Randall,+79962595891
2464,Eileen,+79322228072
4700,Jennifer,+79393560245
9743,Reginald,+79249808847
4300,Breanna,+79191321029
8975,Tyler,+79148165532
4429,Stephanie,+79781566417
249,Traci,+79564155881
6792,Tracey,+79429492483
7955,James,+79565882125
6870,William,+79150543334
9087,Patrick,+79822823112
1092,Julia,+79764932850
1354,Linda,+79363421587
7253,Mariah,+79187995457
424,Samantha,+79935377636
9495,Rebekah,+79818881867
5977,Michael,+79388101757
8191,Jacqueline,+79518801152
4189,Aaron,+79079028895
1420,Aaron,+79022453925
9436,Angela,+79628593195
444,Patrick,+79877818086
2284,Miranda,+79716334095
1421,Leslie,+79306067797
5709,Richard,+79595920838
3510,Justin,+79801328815
7378,Andrea,+79388317803
947,Darren,+79409547133
6433,Tommy,+79851219301
401,Eddie,+79715663529
2831,Michelle,+79194587465
5889,Mark,+79997869654
4999,Tammy,+79715021271
8055,Jill,+79489366161
6887,Nathan,+79143079868
5945,Tammy,+79930502502
6488,Michelle,+79068904663
8555,Rhonda,+79836805333
117,Nathan,+79342313881
6761,Kevin,+79540477917
2126,Dawn,+79249087890
3027,Sheri,+79141888294
7881,Nicholas,+79872379233
7329,Alexander,+79853536377
5413,Kelly,+79703074657
4336,Lisa,+79642495562
2282,Andre,+79920823753
334,Stephanie,+79940160751
1993,Megan,+79325684924
253,Jennifer,+79222281389
5174,Johnny,+79159764977
9531,Charles,+79925543156
5652,Rhonda,+79842613815
3906,Bobby,+79957934847
846,Sara,+79763811200
6583,Clinton,+79296890041
1802,Daniel,+79506429157
5210,Matthew,+79685208952
7211,Nicholas,+79198820642
6205,Jason,+79139771940
9307,Kenneth,+79816999916
7538,Eric,+79255172746
2148,Mary,+79990979971
7013,Sheila,+79813423124
8949,Andrea,+79884774114
391,Jeffrey,+79947397521
3875,Robin,+79931660152
6055,Jack,+79504454164
4949,Gregory,+79855287023
8052,Melissa,+79076942597
8967,Felicia,+79419108364
3632,Christopher,+79830258584
7498,Christopher,+79032207602
8820,Joel,+79187654632
1802,David,+79565106061
8160,Jeremy,+79183862658
5441,Tiffany,+79564796859
3878,Richard,+79754518366
9489,Amanda,+79718481679
247,David,+79358681255
1141,Christopher,+79851250141
8673,Edward,+79844914357
8424,Shannon,+79739332065
2890,Angela,+79002042058
5737,David,+79709364184
3040,Michelle,+79864123294
1859,Andrew,+79918429280
3009,Mackenzie,+79674926630
9061,Cristian,+79521064754
6430,Joseph,+79971013346
3756,Peter,+79169203165
2993,James,+79887926834
8397,Linda,+79104583073
8325,Robert,+79103599639
8859,Gloria,+79423585529
418,Jennifer,+79920308100
8443,Kristi,+79524865690
1658,Zachary,+79480103900
4307,Brittany,+79151029726
2849,Jo,+79654018412
5132,Andrew,+79898532369
6372,John,+79074287529
7661,Pamela,+79162057232
6954,Lauren,+79216405781
2656,Jeremy,+79492187335
5832,Rebecca,+79835599283
5655,Christopher,+79079275713
9582,Bradley,+79771197301
2294,David,+79733511567
1601,Brent,+79536938344
7708,Daniel,+79529427492
4290,Kent,+79237298910
9438,Katie,+79957794910
6766,Alexandra,+79610532506
7893,Chelsea,+79453829389
414,Alexander,+79248861629
7762,Stephanie,+79329345026
1521,William,+79646025657
8248,Jeffrey,+79380122221
841,Brenda,+79113790389
3033,Jamie,+79756340989
7470,Emily,+79784589827
4214,Savannah,+79112387323
20,Alejandro,+79074691116
100,Mercedes,+79272755772
9386,Gregory,+79512169147
2068,Christopher,+79744808513
7633,Rachel,+79022386250
1618,Michael,+79629820903
9053,Ashley,+79024030365
7221,Lori,+79536671116
4335,Robert,+79010931661
6359,Diane,+79579985079
6063,Suzanne,+79153207563
6928,Robert,+79771330288
3306,Lindsay,+79277855449
4324,Timothy,+79775956487
4122,Misty,+79574033485
3447,Daniel,+79401719928
9275,Thomas,+79155788650
6952,Ryan,+79684286546
3303,Diana,+79595513524
5189,Bobby,+79661298189
32,Allison,+79890896759
9131,Alex,+79407170387
5975,Jill,+79694834134
1660,Cynthia,+79572512701
4251,John,+79521030157
2766,Katrina,+79050596725
5121,Breanna,+79002561071
1803,Zachary,+79985617823
4315,Marie,+79936869245
3636,Stephanie,+79959284076
7536,Tammy,+79775639650
8999,Eric,+79160999580
5536,Maureen,+79461382406
7438,Dorothy,+79980588400
8542,Wayne,+79773039388
719,Jennifer,+79571556912
8719,Dawn,+79146592343
8921,Justin,+79043480862
3477,James,+79014199501
8427,Annette,+79773397925
8371,Samuel,+79239397942
8264,Brian,+79571740672
8975,John,+79382807080
9565,Mark,+79979276783
5194,David,+79179428682
2927,Mary,+79751257002
9522,Randy,+79669887598
3711,Michael,+79708703804
757,Pamela,+79733289236
1281,Sherry,+79717582653
5253,Eric,+79870100290
417,Robin,+79940679469
371,Holly,+79685727382
6114,Sarah,+79593540077
3985,Michael,+79756921046
2620,Bill,+79542846756
8171,Timothy,+79298545596
2721,Phyllis,+79368429818
6950,Stacey,+79831285093
3434,Olivia,+79618355184
839,Andrew,+79378342271
4224,Christopher,+79612817755
8328,Steven,+79726063377
1728,Justin,+79519010139
7393,Leonard,+79698722842
6320,Andrea,+79077622691
2413,Benjamin,+79074376991
331,Alexandra,+79280663457
4714,Sarah,+79705386687
5514,Anthony,+79625332776
2380,Madison,+79335218611
6218,Jesse,+79279550158
2067,Michael,+79129001808
1703,Travis,+79543299168
8204,Sue,+79015680083
1535,Katherine,+79323918973
5160,Joan,+79139485380
4873,Kathy,+79864948164
3314,Amy,+79293739766
1414,Andrew,+79327277501
2202,Ryan,+79485630291
7171,Alyssa,+79162241414
423,Stephanie,+79319513839
4796,Leah,+79769517256
4192,Steven,+79872167598
3086,Scott,+79799715451
7118,Michael,+79610581277
6657,Christine,+79974421101
4648,Charles,+79197922902
1453,William,+79276508727
1,John,+79281923512
1941,Brett,+79472024713
4314,Shelia,+79806484174
8991,Amanda,+79231777726
912,Jason,+79461935690
1066,Amy,+79560366145
3630,Laura,+79388526685
6603,Lisa,+79399769130
6780,Cynthia,+79198048225
2537,Kimberly,+79931191747
4005,Thomas,+79741811287
1933,Megan,+79783174196
3904,Taylor,+79264068681
7466,Shannon,+79110025921
9913,Eric,+79861020406
6162,Frank,+79390956696
2299,Christopher,+79997874850
8947,Cameron,+79973053399
4846,Janice,+79714346762
4864,Richard,+79696861830
3913,Adam,+79601284998
5806,Jose,+79175928917
5224,Mary,+79378394555
9061,Michelle,+79190034824
4843,Dylan,+79363651752
4790,Joel,+79599880572
4033,Judy,+79122789188
74,Richard,+79613597490
6133,Traci,+79689642850
7473,Dennis,+79342429142
9239,Dana,+79278980517
9219,Michael,+79508499850
9434,Kristin,+79994029331
2931,Robert,+79386887104
1118,Steven,+79431150239
8045,Ronald,+79781303126
9927,Angela,+79850333774
6495,Kathleen,+79174883360
2008,Victoria,+79503856706
8982,Paul,+79855900030
9578,Julia,+79921540457
1938,Jennifer,+79066423898
2592,Anna,+79832271366
5827,Antonio,+79546487882
1049,James,+79028252265
9572,Cristian,+79834094703
138,Mitchell,+79566716395
8242,James,+79060226422
107,Norman,+79981284343
2575,Nathaniel,+79717267904
3364,Bryan,+79418905691
1401,James,+79727984080
9262,Mark,+79897640863
674,Robin,+79639683933
6207,Heidi,+79324873103
7762,Thomas,+79864490105
5670,Caitlyn,+79363228230
1581,Samantha,+79138364696
1607,Anthony,+79164438011
3625,Stephen,+79006960567
6509,Kelly,+79049386514
3532,Christopher,+79835811739
5415,Cassandra,+79582117879
1990,Janet,+79413045375
1020,Megan,+79464705855
5285,Angela,+79440686031
2828,Tyler,+79287590452
9573,Paul,+79966941227
5787,Joshua,+79512111047
9382,Justin,+79182312555
54,Olivia,+79315280704
354,Michelle,+79558870108
8388,Edward,+79895215295
5241,Carrie,+79847188358
4847,Daniel,+79023245527
4242,Eric,+79976178229
9444,Susan,+79010419591
7547,Jesse,+79848713428
4710,Ricky,+79407512772
161,Amanda,+79016581468
5144,Beverly,+79611774460
8098,Katherine,+79546425162
7237,Nicole,+79115657143
6483,Daniel,+79303123485
8870,Jane,+79243815171
6789,Audrey,+79485750546
5757,Lisa,+79927965876
6317,Steven,+79675520001
7300,Andrew,+79870291671
4628,James,+79890961109
1601,William,+79999946367
8301,Donald,+79125423520
1638,Patricia,+79607893628
1399,Justin,+79877781453
835,Dana,+79545699492
8480,Linda,+79531773081
61,Nathaniel,+79408531229
9276,Tony,+79751030411
2210,Robert,+79129224867
2847,Aaron,+79446244680
5880,Alice,+79507053576
6794,Robert,+79269235104
9702,Sarah,+79228779662
6880,Amy,+79273592648
1804,Kaitlyn,+79139606187
6554,Larry,+79491804670
8205,Jonathan,+79387634752
278,Madison,+79563920286
4547,Linda,+79380803177
7759,Alicia,+79823055010
868,Julia,+79574507728
2830,Ann,+79609288427
6413,Keith,+79127261456
2516,Derek,+79987350960
8643,Kristen,+79262843272
3968,Donald,+79934310410
3259,Margaret,+79042601385
9979,Mary,+79892286524
1757,Todd,+79667164347
8207,Richard,+79752668225
9198,Catherine,+79216718125
6750,David,+79384690931
8604,Samantha,+79696415860
5866,Elizabeth,+79132879112
3960,Jeremy,+79515277655
3248,William,+79415993285
3918,Allison,+79465733951
9061,Victoria,+79669562320
5300,Monica,+79941030766
277,William,+79044614962
9594,Randy,+79370417069
7401,Christopher,+79302024509
3827,Kathy,+79215052258
9734,Adrian,+79556116250
6290,Mark,+79579187586
8409,Shannon,+79710437741
9927,Kathryn,+79943904596
8841,Mark,+79609934889
3252,Allen,+79908509762
5288,Shawn,+79370331014
9633,Leah,+79487506722
6916,Robin,+79531482522
9253,Ruth,+79093048835
1018,Rebecca,+79555831945
5072,Marissa,+79434002603
5226,Clifford,+79259324369
4533,Derek,+79877831968
3457,Debra,+79484019729
8500,Sara,+79887862731
3595,Terri,+79406405865
8723,Darin,+79943100577
1954,Leonard,+79872456965
3170,Michael,+79638079484
539,Kristen,+79263496895
6825,Carrie,+79794141137
7441,Michael,+79725518577
1854,Trevor,+79694025510
574,Jeffrey,+79853961553
8644,Nathaniel,+79797096687
866,Jeremy,+79967057283
6426,Lauren,+79900252066
3077,Bethany,+79547369009
9859,Peggy,+79573019188
5461,Dana,+79234922368
2201,Sara,+79429505246
6127,David,+79897237332
8174,Ashley,+79240448810
5398,Donna,+79903090240
3119,Roberta,+79691264839
3636,Thomas,+79495212987
1046,Michele,+79937347437
1408,Willie,+79295253134
169,William,+79483417897
7316,Ryan,+79483054998
5115,Danielle,+79552762329
267,Jill,+79417570911
864,Ryan,+79288544550
1640,Vincent,+79920584483
2698,Ashley,+79518599102
527,John,+79570915167
2712,Scott,+79731769728
6038,Heather,+79927533521
3970,Richard,+79917228009
9603,Timothy,+79020482327
6890,Henry,+79005152437
3492,Amanda,+79841366929
8234,James,+79934915207
8795,Jason,+79930237222
2944,Beth,+79053676660
5028,George,+79567977659
6321,Justin,+79133871145
768,Kyle,+79649366377
8334,Sarah,+79560892407
5439,Angela,+79607155452
3987,Stephen,+79282864104
5635,Kevin,+79616086889
67,Phillip,+79250005839
7262,Jamie,+79969136452
1750,Jennifer,+79061663413
7576,Eric,+79314657075
4196,Amanda,+79338170417
2983,James,+79769007108
6830,Stacey,+79309966750
1576,Jennifer,+79535960031
8117,Amy,+79565716327
7029,Jeffrey,+79464414839
5363,Terri,+79691044951
1963,Anna,+79577890589
1842,Spencer,+79608799776
5406,Oscar,+79173692811
3718,Julie,+79612945675
9406,Melissa,+79321783759
9046,Teresa,+79865503038
4782,Angelica,+79331195966
2065,Angela,+79162312345
3289,Jody,+79454907006
2719,Edward,+79345467997
6118,Tyler,+79709355445
3134,Debra,+79023903675
5376,Kimberly,+79624810580
5097,Bradley,+79889202967
2661,Anna,+79066604467
6985,David,+79344437323
9905,Jeffrey,+79921800235
1057,Benjamin,+79566680674
3207,Jose,+79176452898
6956,Richard,+79414571008
5429,Kelly,+79862206178
9099,Lisa,+79072990173
9567,Amy,+79569183501
1662,Theresa,+79283068415
7498,Haley,+79703960585
775,Debra,+79776289705
7288,Nathan,+79735015643
8954,Toni,+79610456859
5862,Tiffany,+79319382119
2495,Ernest,+79706514651
9962,Mark,+79969553397
5438,Randy,+79963291957
1050,Mary,+79639234229
8975,Emily,+79759203383
7552,Sandra,+79148208783
6874,Robin,+79948386066
2938,Robert,+79608832254
5666,Cynthia,+79576063034
590,Amy,+79713853510
4973,John,+79822601249
3423,Jonathan,+79351883450
9236,Edward,+79237086868
1270,Christine,+79306560306
7043,Samantha,+79407483970
7912,Diana,+79329802998
1093,Ann,+79571332528
5239,Leslie,+79144155199
2781,Amy,+79574653029
2650,Melissa,+79240652066
9158,Sabrina,+79983748157
4484,Nicole,+79800646678
3182,Anita,+79031824399
5138,Christine,+79347473108
8096,Tony,+79991715305
2095,Amanda,+79511619725
5923,Amanda,+79102443142
8098,Joseph,+79700035157
4390,Amy,+79812444235
9918,Lisa,+79762838364
7736,Yvonne,+79470868826
9025,Rachel,+79997674791
7052,Douglas,+79114560016
1518,Andrew,+79869570514
750,Scott,+79087701827
3468,Ann,+79951017471
6711,Brittney,+79824221601
1513,Nicholas,+79423180770
4454,Michael,+79846136877
3878,Robert,+79684978172
7296,Patricia,+79843944606
7812,Thomas,+79520240161
2500,Debbie,+79797008513
4055,Kristen,+79288651792
1699,Daniel,+79451659217
1779,Brandon,+79188278394
5740,Debra,+79143440543
3790,Shannon,+79185955281
8120,Robert,+79752163234
8262,Katie,+79263419002
7552,Laura,+79748500546
8767,Anthony,+79443165120
8363,Anthony,+79916212656
3302,Tammy,+79189363813
4925,James,+79971621058
3782,Steven,+79815052993
7350,Lisa,+79142456658
9015,Christine,+79045444873
1948,Sabrina,+79873162017
8356,Tara,+79496275421
5280,Gregory,+79519950487
2766,Todd,+79181506127
7515,Heather,+79037702929
338,Christine,+79404543177
6051,Juan,+79015626721
8236,Stacy,+79143302412
6273,Emily,+79720333328
453,Zachary,+79971376467
5330,Tiffany,+79259656740
550,Kathy,+79378708090
4965,Madeline,+79713768869
9115,Michele,+79556825640
8561,Wanda,+79742772437
3747,Kirk,+79569053714
6140,Erin,+79766133250
9484,Jason,+79238047327
2048,James,+79718978481
2525,Chad,+79099265947
4055,Matthew,+79879015468
3202,Keith,+79207146485
872,Greg,+79221868882
1628,Tracy,+79801653963
8369,Regina,+79082989348
3533,Logan,+79624116745
9847,Cynthia,+79597549862
5525,John,+79695083956
2848,Amy,+79189182946
9806,Joseph,+79953905683
9276,Lisa,+79283825323
7856,Joyce,+79680574361
2756,Heather,+79987368829
5412,Thomas,+79602785011
8434,Shelby,+79807033837
525,Michelle,+79772697199
9952,Heidi,+79950532853
4223,Michael,+79588364790
2132,Dana,+79142494238
840,Paul,+79372410403
3698,Leon,+79728041828
1268,Kevin,+79631959235
7472,Amy,+79383027430
4544,Christopher,+79021210120
5816,Jacob,+79415122051
9691,Ricky,+79259940852
4609,Adam,+79903731329
8813,Jennifer,+79770219433
487,Deborah,+79160644563
2695,Kaitlyn,+79091932300
7865,Vicki,+79349355508
651,Douglas,+79784416103
5669,Anthony,+79620982438
3700,Cody,+79559508559
3444,Jessica,+79761457403
3748,Anne,+79247436967
4332,Paula,+79680235414
6478,Dana,+79758339061
9021,Jacob,+79424417530
9286,Nicholas,+79051836908
1561,Kelly,+79915262923
4403,Amber,+79069402727
6080,Lynn,+79888097349
9767,Rebecca,+79904793660
4964,Kevin,+79024622414
1864,Alex,+79686304319
8761,Andrea,+79811858158
3231,Diane,+79550185665
9130,Tina,+79985158356
2858,Anthony,+79184390272
3412,Jessica,+79497345583
2083,Nicole,+79249616553
7027,Tiffany,+79934882377
6633,Kim,+79572573809
393,Gregory,+79559963006
3612,Andrew,+79076799568
3284,Lucas,+79757996742
2120,Laura,+79399411347
7455,Elizabeth,+79177217392
642,Jonathan,+79430906085
2707,Richard,+79089153681
7160,Michael,+79951973131
5792,Zachary,+79942551400
2588,John,+79982945568
6404,Kevin,+79194380558
9703,Kelli,+79425748116
6960,Tonya,+79331699488
4711,Lori,+79906090191
5190,Patrick,+79861159269
4043,Derrick,+79952309062
4889,Andrew,+79399332831
7497,Laura,+79901908214
874,Megan,+79379686265
6378,Vincent,+79284212819
2022,Dwayne,+79872770759
6585,Allison,+79998150623
6851,Jennifer,+79714196283
6962,Lori,+79223600934
8697,Julie,+79282663014
2576,Jennifer,+79488187314
9250,Danielle,+79236279843
9438,Ariana,+79579288545
5778,Justin,+79604090770
2194,Jerry,+79849371264
8329,Catherine,+79959137263
7511,Roger,+79108483371
6813,Jessica,+79831632679
859,Valerie,+79591313723
568,Kathy,+79309305816
5729,Stephen,+79514431542
3346,Samuel,+79987900036
997,Raymond,+79364127685
2366,Jesse,+79870549115
3782,Joel,+79786710220
1954,Derek,+79843225955
3550,Kathleen,+79797909088
1959,Jessica,+79311355467
7804,Rebecca,+79915959358
6367,Alicia,+79987068301
9566,Angela,+79387611615
3065,Hunter,+79745442294
1931,Benjamin,+79726173163
7324,Tammy,+79190639659
8130,Darlene,+79904761640
2489,Cindy,+79715165325
7827,Candice,+79501771135
8094,Zachary,+79737705871
7924,Cassidy,+79053449623
2667,Robert,+79770950917
5644,Brooke,+79815550878
308,Jamie,+79159676766
822,Lawrence,+79646009010
9073,Paul,+79737840484
1352,Jessica,+79696928922
8714,Bradley,+79903206116
7925,Mark,+79427068325
8489,Alyssa,+79145052883
1925,Gina,+79842870121
2096,Wendy,+79489154489
6597,Brianna,+79965161793
4272,Samuel,+79029852949
7851,Bruce,+79567808773
2471,Steven,+79726147764
3601,Joseph,+79991644566
7392,Jo,+79998101886
4993,Rebecca,+79384835648
9544,Denise,+79741672052
4337,Robert,+79676367619
3304,Karen,+79511074095
8290,Jennifer,+79278686222
2312,Adam,+79683409680
8871,Ann,+79768969594
3304,Ann,+79396252631
1350,Henry,+79460941458
9505,Kyle,+79546964695
4965,Jessica,+79003017856
3681,Peggy,+79631475091
3897,Christopher,+79273364876
9390,Katie,+79044411149
3923,Yesenia,+79988676701
6746,Thomas,+79426216595
2996,Jennifer,+79170583154
8956,Teresa,+79152779866
7497,Jason,+79384506426
4378,Kayla,+79187457173
2693,Karina,+79049397148
3659,Jill,+79306485076
139,Amy,+79488438019
2535,Erik,+79797488186
6364,Jeffery,+79575737975
9143,Christopher,+79865089449
8470,Todd,+79612423735
2202,Malik,+79953379008
3525,Jason,+79770117745
9558,Michael,+79808747895
4779,Zachary,+79449402647
2991,Bradley,+79128720354
9422,Elizabeth,+79155248929
9172,Thomas,+79406072790
2370,Walter,+79037596289
4193,Andrew,+79898416087
6596,Timothy,+79320342200
505,Martin,+79882442116
9117,Stephen,+79584082101
3560,Richard,+79190135414
7476,Andrea,+79130686167
9081,Kristin,+79560165026
1642,Michelle,+79073468323
124,David,+79919018598
4013,Jessica,+79670275841
2250,Leslie,+79010146315
2742,Bruce,+79763232940
2716,Stephanie,+79223865304
9520,John,+79795537495
4308,Jennifer,+79039052902
9505,Debbie,+79364086402
9581,Jacob,+79046991304
520,Tristan,+79899515416
6382,Joshua,+79130441243
7132,Terri,+79110390950
3718,Tammy,+79362517636
6812,Anthony,+79288677020
6522,Christina,+79528661632
8627,Brian,+79658557784
3236,David,+79401595766
2319,Jennifer,+79612950099
2779,Hector,+79780152778
3297,Anthony,+79769405343
4899,David,+79267772084
8580,William,+79325922782
4784,Becky,+79943989229
2561,Tami,+79457754978
9208,Cathy,+79978489152
5564,Cynthia,+79850171662
8313,Evelyn,+79820390071
4205,Barbara,+79699485239
6245,James,+79749519239
8592,Cameron,+79249890114
6608,Matthew,+79416025654
863,Joseph,+79240773115
3374,Michael,+79091671648
4764,Debra,+79461027514
6617,Kim,+79420239947
6226,Richard,+79212277109
157,Robert,+79945963744
8684,Jillian,+79002525812
4377,Jason,+79878223117
3796,Christopher,+79982023478
7596,Jennifer,+79051561443
3919,John,+79427220738
7047,Mark,+79069679715
1,Johnny,+79937436270
1918,James,+79109085261
7513,Kelsey,+79368368498
8142,Christine,+79837261640
9090,Lisa,+79077463588
9309,Bryan,+79392700800
1753,Kenneth,+79536014715
6689,Samantha,+79692610292
8339,Tiffany,+79561665890
1034,Ashley,+79719425187
2105,Michael,+79007483551
2683,Keith,+79818810157
9761,Antonio,+79166323813
4835,Blake,+79280187724
1876,Laurie,+79230060077
5231,John,+79857916914
2037,Nicholas,+79297151158
5521,Kendra,+79533062214
5676,Christine,+79702905960
6136,George,+79441622522
7975,Michael,+79455489747
2224,Ricky,+79633313578
2662,Ryan,+79651637015
5089,Ronald,+79949405767
8998,Robert,+79328658960
6152,Alexander,+79881850792
5756,Kelli,+79218334126
6888,Kenneth,+79166133106
2970,Nicholas,+79220949945
6178,Troy,+79520090527
5058,Brian,+79775556076
3038,Jeffrey,+79048672177
2284,Jeffery,+79043687268
2334,Alison,+79807726121
9324,Robin,+79868522245
7566,Isaac,+79588632921
9723,Matthew,+79429886881
7129,Barbara,+79088632240
1767,Penny,+79311735942
7183,Logan,+79647186117
2745,Jamie,+79508291508
1695,Amy,+79210100110
4376,Amanda,+79605778268
7834,Wendy,+79820624215
4932,Amanda,+79850309753
4881,Joanne,+79481962331
7316,Timothy,+79936887078
5101,Raymond,+79127348707
3652,Alexander,+79481975243
1006,Kevin,+79180693662
9711,Jennifer,+79064206567
5778,Timothy,+79318114986
8842,Linda,+79304274445
1554,James,+79888559386
3566,Kenneth,+79072317673
8484,Cassandra,+79228064034
9544,Spencer,+79660253676
4968,Elizabeth,+79787148090
4666,Pamela,+79837715809
6816,Rebecca,+79781291798
1636,Michelle,+79434783299
2168,Thomas,+79270372112
1517,Victoria,+79794742229
9084,Ashley,+79104353607
792,Andrew,+79982641176
3332,Phyllis,+79805443035
9126,Lisa,+79494904806
14,Joseph,+79543335340
5671,Jonathan,+79169224393
7040,Sheila,+79827774501
670,Mary,+79657512543
7458,Nicole,+79310618333
7252,Juan,+79421899079
8976,Gina,+79007969576
8296,Jason,+79690725738
3124,Randy,+79437021569
8557,Austin,+79883199958
9042,John,+79924840360
633,Edward,+79943005690
5290,Ronald,+79935630572
3854,Rebecca,+79193615026
8374,Ruth,+79570182680
1405,Christine,+79906675462
7381,Patrick,+79532278927
760,Julia,+79091152258
7441,Ronald,+79646844844
6190,Roger,+79273784766
1957,William,+79651183490
4106,Stephen,+79408123720
5441,John,+79367921767
8304,Diane,+79131073654
1700,Kristen,+79670536488
1038,Nicholas,+79766586311
5746,Ashley,+79631721312
9747,Jimmy,+79736058366
3947,John,+79050591619
5845,Krista,+79420441243
2095,Stephen,+79717115496
6007,Patrick,+79316728634
6803,Steven,+79497355346
2231,Catherine,+79681530055
4353,Spencer,+79894494869
7656,Christina,+79643125440
7925,Kayla,+79524047637
7917,Michael,+79885756130
730,Jacob,+79731809238
334,John,+79938062661
1051,Brittany,+79622015190
4813,Alyssa,+79449295636
7549,Michele,+79724946075
357,Charles,+79622959371
6055,Leah,+79331464313
6607,Ronald,+79735431499
7309,Stephanie,+79949979897
2347,Elizabeth,+79978956903
5857,Donna,+79654808865
2399,Alicia,+79499015621
1807,Bruce,+79935737451
4093,Ashley,+79469625549
4197,Jeremy,+79342026246
6335,Pamela,+79870981242
9624,Justin,+79808404865
8407,Shane,+79255414776
2212,Robert,+79011905393
1916,Robin,+79780535404
5138,Kristin,+79571329044
3613,Christopher,+79966822543
7072,Lisa,+79097817712
3681,Derrick,+79206003883
8017,Scott,+79015199016
9912,Briana,+79775021743
5281,Jennifer,+79688287884
9095,Adam,+79945666044
1087,Brett,+79714521822
6666,Michael,+79310159560
9637,David,+79043384384
9650,Melissa,+79690405778
134,Ryan,+79488338790
3403,Gregory,+79503327032
9694,Tammy,+79559247494
5293,Christina,+79441923169
623,Claire,+79076354724
4316,Keith,+79186611219
1637,Kristen,+79881012201
3087,Chad,+79888702484
5831,Francis,+79298763351
77,Jimmy,+79540921816
821,Emily,+79663359390
3610,Dillon,+79593682792
6790,Christopher,+79568663291
6695,Michelle,+79347232963
6307,Jessica,+79240510017
5346,Jack,+79280463405
4828,Ryan,+79226264482
4410,Joseph,+79466448054
3248,Deborah,+79845650017
6974,Diana,+79768759607
6010,Anthony,+79122303037
6000,Elizabeth,+79006335882
4682,Kyle,+79429439959
8022,Alison,+79339576215
142,Monica,+79709532707
1744,Nathan,+79412304530
8013,William,+79718707500
3595,Christopher,+79126260831
7785,Kimberly,+79086487034
8824,Jennifer,+79491850639
8281,John,+79442140096
6503,Jessica,+79598044101
4119,William,+79145546856
1237,Lucas,+79785374506
9930,Michael,+79463107295
4916,Robert,+79202354420
1257,Ashley,+79852232087
7526,Lorraine,+79062235544
4757,Kenneth,+79110258718
2272,Timothy,+79484960690
1821,Ricardo,+79518707973
1897,Heather,+79510173632
5106,Matthew,+79266662581
1823,Dylan,+79240202487
8545,Whitney,+79948227350
9592,Robert,+79948002886
4458,Gregg,+79020100184
6900,Donald,+79900746357
6518,Matthew,+79457342128
6476,Randy,+79350369443
6803,Kristen,+79426567368
5778,Tara,+79494211653
8935,Nancy,+79555427585
9787,Cody,+79242722170
4552,Meagan,+79139014245
3156,Kimberly,+79688499077
9518,Ashley,+79086028747
2750,James,+79084219129
5998,Ana,+79693509576
8931,Taylor,+79330484859
6373,Theodore,+79644944823
9898,Lauren,+79261752439
957,Christopher,+79534509616
2393,Jennifer,+79096687599
7178,Brandon,+79743448163
1120,Elizabeth,+79037620165
9326,Vincent,+79424520602
6215,Anthony,+79092254216
4240,Matthew,+79650167050
4715,Richard,+79820163848
7070,Lisa,+79339880450
1738,Christopher,+79776609442
2688,Curtis,+79922386735
4150,Tonya,+79082919928
266,Marcus,+79947348323
9879,Oscar,+79587228938
559,Jasmine,+79988888016
4676,Elizabeth,+79810744029
8274,Jimmy,+79068620504
1808,Brian,+79753519132
6346,Leslie,+79989587021
8420,Jennifer,+79113112792
3314,Jacqueline,+79433375062
4000,Marc,+79182234021
4001,Jennifer,+79460814123
1543,Melissa,+79400186482
7608,James,+79825803009
7359,Jon,+79861793198
6489,Margaret,+79860728576
6467,Kevin,+79381176086
1689,Brandon,+79079585888
5122,Amber,+79899383894
4815,Ryan,+79349904834
8906,Corey,+79041510845
7032,Ryan,+79887956017
9304,Amy,+79499558145
6557,Kimberly,+79299749597
2077,Zachary,+79006167525
4393,Malik,+79026853911
6657,Christopher,+79635805808
9523,Stephen,+79115091679
4052,Patrick,+79581932777
6526,Melissa,+79683026702
3206,Julia,+79789094618
9741,Felicia,+79729698767
3208,Robin,+79774274572
2032,Carolyn,+79399887558
3380,Adrian,+79655888093
7433,Crystal,+79605104142
5300,Sarah,+79179296080
7036,Matthew,+79200303008
7357,Pamela,+79957631908
8079,Joel,+79949048919
9964,Ronald,+79925807202
2679,Crystal,+79016146408
1486,Lisa,+79806920668
5907,Kevin,+79828750893
8463,Desiree,+79891693693
1501,Shannon,+79075498353
9235,Jason,+79291992847
7196,Kathleen,+79749605615
6252,Mary,+79493133316
3618,Robert,+79545272128
7127,Angela,+79191243990
1757,Matthew,+79840042922
6905,Keith,+79985969773
7161,Daniel,+79609082201
2653,Brian,+79125889717
1098,Linda,+79928489179
2216,Robert,+79610873730
1722,Alexandra,+79722896924
9553,Amy,+79007618671
6134,Russell,+79879621138
9574,Laurie,+79262050568
4476,Deborah,+79136725284
8080,Kiara,+79272727101
1613,Jeffrey,+79114657642
9446,Rhonda,+79742985109
3767,Christine,+79177369385
7440,James,+79401805659
4097,Jennifer,+79161527065
4486,Michael,+79817040118
2332,Heather,+79335411141
2480,Alan,+79357899543
7402,Kevin,+79447720406
5752,John,+79300537748
642,Amber,+79106158543
3765,Jay,+79901580185
8450,Catherine,+79390158298
6958,Randall,+79242031344
8868,Amy,+79377761208
6588,Mallory,+79533531092
2731,Christina,+79174922711
7707,Christina,+79504329341
9077,Vincent,+79892576860
3029,Matthew,+79530374859
2842,Russell,+79542624691
8532,John,+79844524905
9413,Sean,+79343051098
1259,Shannon,+79809683910
9294,Ryan,+79934046507
288,Gina,+79426311877
8032,Wanda,+79747081800
8439,Amber,+79377597782
3660,Crystal,+79117320209
3779,Lindsey,+79477702914
391,Tony,+79889214042
4033,James,+79336710907
7672,Anthony,+79532031088
5673,Stephen,+79316559000
7900,Chad,+79152533618
5686,Jeffrey,+79455455127
3775,Alejandro,+79918053314
6790,Kevin,+79026045641
973,Jerry,+79124435154
2683,Kyle,+79297072928
7502,Ricky,+79934648332
4663,Amy,+79060656481
4700,Jessica,+79333072052
4197,Rachel,+79523080004
6090,Cynthia,+79964038171
6038,Anna,+79213981531
6262,Christopher,+79754366426
5757,Bradley,+79916634848
8663,Cynthia,+79578335488
4006,Robert,+79967026722
3864,James,+79704095311
3368,Joseph,+79842693244
2721,Rachel,+79892784195
2683,Barbara,+79807396749
6298,Rebecca,+79729054809
6830,Nicholas,+79292501226
6248,Kyle,+79661450288
3126,Tiffany,+79790880058
706,Teresa,+79468596985
4509,Christina,+79408836975
4936,Donna,+79016846545
2743,Marcus,+79423085463
8405,Julie,+79928808259
3141,Douglas,+79959636624
4404,Denise,+79074192376
2306,Judith,+79966626211
8793,David,+79561678571
8653,Thomas,+79197418499
5344,Daniel,+79649821643
4756,Kevin,+79968191067
6204,Timothy,+79711360041
2783,Alexander,+79622588269
4675,Kari,+79994712723
2337,Aaron,+79404318767
267,Suzanne,+79897332792
4268,Andrew,+79705776117
2049,Rachel,+79405040957
3354,David,+79365535284
7024,Duane,+79952894623
5164,Shannon,+79441398824
1177,Diane,+79229374324
9666,Mary,+79937277010
5700,Melinda,+79357981244
4651,Kimberly,+79726588410
6656,Wendy,+79953935496
5058,Dana,+79015443598
5360,Kevin,+79618547019
4083,Charles,+79012243473
4395,Colton,+79595636627
6080,Whitney,+79094008056
5510,Mary,+79869010194
288,Lindsay,+79289169055
7748,Candice,+79353678493
9785,Christina,+79901549428
7597,Susan,+79925323191
6443,Mackenzie,+79204308085
6552,Wesley,+79570976015
6328,John,+79776016287
6467,Brent,+79252725602
2547,Jeffrey,+79050994609
488,Melissa,+79000390034
7435,Victor,+79625203435
7130,Kyle,+79089426736
2852,Alison,+79808357016
7934,Mitchell,+79516377073
1132,Jasmine,+79036977827
5945,Rebecca,+79516741600
2728,Calvin,+79925564001
4374,Rachel,+79373311316
2968,Adam,+79541395351
727,Levi,+79279809499
7472,Laurie,+79096314311
981,Julie,+79417491237
5167,Christopher,+79980695019
405,Ann,+79569915589
9360,Brian,+79617171248
9780,Megan,+79688970318
7740,Jacqueline,+79662514099
1262,Jean,+79208179732
3302,Julie,+79508793002
1855,Angela,+79544355808
677,Jessica,+79464982951
3061,Dustin,+79995369644
9255,Sarah,+79539161136
3313,Amber,+79557575964
5222,Vanessa,+79012132551
5007,Allison,+79119642354
8308,Michael,+79645024511
2105,Jessica,+79789330920
781,Chelsea,+79700170894
4969,Randy,+79590149684
4833,Richard,+79840945125
5970,Stephanie,+79808002493
9064,Amanda,+79151224210
3348,Tony,+79116961184
7605,Amy,+79370168147
3247,Theresa,+79084894289
8563,Kyle,+79163633875
2264,Eric,+79139396514
2853,Victor,+79748160890
4843,Linda,+79638554100
3430,Lauren,+79187211668
5826,Donald,+79784261372
1429,Katherine,+79791538071
8359,Cody,+79955281849
9572,Whitney,+79227691182
5237,Leslie,+79165489572
9129,Tammy,+79935475140
9462,Antonio,+79486329326
6292,Calvin,+79544466665
8636,Eric,+79632001264
9366,Gregory,+79588999442
7619,Melissa,+79521181817
5976,Rachael,+79043379797
1518,Margaret,+79260548176
4799,John,+79219455354
1866,Donald,+79512945644
8337,Grace,+79668211624
2464,Donald,+79599311826
6842,Morgan,+79786083444
1162,Kenneth,+79865791798
1951,Paul,+79045035884
7497,Robert,+79033355191
9537,Lisa,+79839054632
5090,Hector,+79684828458
8697,Tyler,+79489833616
6643,Joseph,+79052846803
9611,Megan,+79251441081
3784,Darin,+79385876106
8798,Corey,+79424903064
2112,Samuel,+79537709260
9469,Eric,+79588326933
2704,Susan,+79524371586
8711,Lynn,+79978101812
9203,John,+79568052184
1808,Ronald,+79544322233
3567,Robert,+79570110732
3262,Melissa,+79122136145
2365,Kelly,+79395588770
4965,Jimmy,+79496370044
2885,Shawn,+79324257862
5574,Brandon,+79837922512
6668,Shannon,+79966938184
6785,Debra,+79794967872
1314,Brandon,+79190115200
7188,Christine,+79989576994
4621,Kyle,+79686891905
9325,Holly,+79529794712
8849,Gregory,+79682189373
340,Erin,+79406928078
2722,Nicholas,+79607180619
9868,Brett,+79131014176
7314,Sharon,+79080614734
2256,Michael,+79599153205
9000,Sarah,+79710319043
8435,Elizabeth,+79925522802
4726,Jennifer,+79142600162
950,Timothy,+79084194784
7541,Randall,+79933753389
3221,Shannon,+79427577903
9961,Ryan,+79395282725
6317,Patrick,+79450115329
1034,Krystal,+79507935107
6231,Carly,+79617746225
8765,Austin,+79575789538
7638,Lynn,+79288234313
214,Ashley,+79642728481
5497,Shannon,+79829092800
1296,Alan,+79254031482
7554,Jessica,+79970965805
3915,Andrew,+79623147292
3711,Brian,+79304326695
4664,Mark,+79728805429
2883,Michael,+79570138361
3874,Nicole,+79470494972
1517,Anna,+79065794880
2037,Maria,+79474571270
6576,Richard,+79047173145
3274,Ricardo,+79630147677
8768,Penny,+79541672937
8962,John,+79672053292
5699,Benjamin,+79813193281
8813,Ryan,+79220465486
7226,Connor,+79116631156
7306,Heidi,+79081561090
7042,Stephen,+79967161174
8564,Mindy,+79999353204
3160,Samantha,+79157364416
3963,Jessica,+79924535037
5130,Christopher,+79984789239
1989,Scott,+79035161812
6153,Robert,+79800858212
1829,Jesse,+79653165734
542,Ray,+79451017441
4780,Jessica,+79827931939
3072,Stefanie,+79073386509
6424,Shawn,+79608374420
64,Lauren,+79999853135
72,Daniel,+79614530791
1654,Christina,+79014665552
5051,James,+79830007355
5893,George,+79048956467
8396,Mary,+79116383934
1574,Alexis,+79994081182
2173,Rachel,+79770944984
6063,William,+79074160436
5738,Janice,+79392580606
1267,John,+79394503985
3894,Sean,+79979636640
8782,Keith,+79290860119
5425,John,+79129488950
6724,Bridget,+79501179373
7122,Diana,+79417980722
1011,Jacob,+79133262864
4238,James,+79520563405
5588,Wanda,+79461543436
9001,Adam,+79093419766
9387,Debra,+79835222259
2392,Vernon,+79398859645
8252,Thomas,+79362501223
2839,Julie,+79409425420
6885,Andrew,+79303308157
4868,Leah,+79193629660
7253,Mary,+79634768032
630,Omar,+79354962683
100,Micheal,+79770080463
9333,Jack,+79781285050
3304,Mary,+79199847244
9494,Amanda,+79461570501
9908,Chad,+79540750468
3102,Dennis,+79189861510
2830,Danielle,+79727278943
3089,Victoria,+79956541927
6470,Michael,+79884441381
7892,Austin,+79472962811
9993,Kimberly,+79104029241
5441,Tara,+79252141379
1137,Holly,+79590783774
7540,Emily,+79712840901
7328,Ryan,+79416256431
2578,Samuel,+79178628165
4773,Kayla,+79315100929
9793,Jean,+79066384647
4418,James,+79361088317
1456,Timothy,+79098033949
9198,Nancy,+79856340478
2602,Jessica,+79608743907
3919,Andre,+79011537653
8374,Jeffrey,+79272362221
8539,Christopher,+79942901936
6139,Sandra,+79080618637
4990,Angela,+79030125360
6428,Darlene,+79537267196
463,Nicholas,+79038663667
8187,David,+79480614219
8681,David,+79472159994
7740,Michael,+79990786796
513,William,+79791899818
1531,Tammy,+79836151156
9640,Miguel,+79040697867
3777,Philip,+79501423814
1523,Derrick,+79580324068
7751,Carrie,+79405996652
3634,Michael,+79420789706
1412,Kelly,+79663963815
3408,Grant,+79440223972
3389,Patricia,+79280079011
6699,Anthony,+79568592697
8901,Denise,+79906037326
6762,William,+79711138091
8322,Vanessa,+79379731362
7848,Matthew,+79358306650
1356,Julie,+79119371203
4548,Tony,+79540182315
9424,Patrick,+79366058736
5164,Yolanda,+79530789386
250,Rodney,+79184005209
6432,Chelsea,+79141657491
5368,Miguel,+79804803796
8206,Tony,+79412302728
8007,Jeffery,+79505123791
1019,Peter,+79266649611
4718,Vincent,+79580004208
7753,Timothy,+79899107452
1555,Christine,+79883354888
4506,Rebecca,+79389642535
2008,Amber,+79395538443
7131,Elizabeth,+79064080066
8827,Olivia,+79925255962
2626,Lynn,+79921014356
7087,Victoria,+79319415832
213,Jerome,+79214414399
8260,Derek,+79526113372
4022,Rebecca,+79344456163
8497,Catherine,+79482174116
8595,Maria,+79672926408
4072,Frank,+79086736974
9962,Evan,+79281903506
2020,Karen,+79225567044
1969,Shane,+79921521472
1565,Kelsey,+79495921184
5286,Roberto,+79976606934
7245,Amanda,+79632427980
5540,Ryan,+79466551063
7570,Riley,+79920662787
1820,Amy,+79960506812
923,Christopher,+79979738520
3745,Wendy,+79071071151
7060,Aaron,+79142163793
7386,Gloria,+79772250675
1495,Daniel,+79061847788
6848,Clinton,+79945983918
7878,Keith,+79805847734
9615,Beth,+79948930561
1063,Harry,+79501603040
7669,George,+79978550095
9608,John,+79644774629
3833,Rebecca,+79932823386
4591,Tiffany,+79566049346
7997,Sara,+79560750812
1170,April,+79744426401
2524,Stephen,+79344809343
6637,Sara,+79787201806
5047,Katherine,+79249889390
4652,Michael,+79187854549
274,Robert,+79075302299
8439,Carl,+79539897840
4568,Amber,+79279371770
957,Mary,+79795018112
3306,Zachary,+79050979129
3730,Amanda,+79780031717
3195,Mark,+79175151756
988,Sandra,+79565133492
2080,Susan,+79030481792
9780,Kenneth,+79147587158
2905,Sarah,+79422405730
8476,Elizabeth,+79235841463
7192,Jennifer,+79420647153
6757,Robert,+79026744119
4741,Elaine,+79914051510
2619,Joshua,+79703081348
2634,Maria,+79719991926
7761,Dana,+79307260182
781,Sandra,+79658207949
9044,John,+79321159113
9920,Kim,+79055920927
9290,David,+79203065272
8806,Raymond,+79855674120
1340,Bryan,+79823119784
2491,Rebecca,+79763804203
1098,Brendan,+79841588934
2388,Gina,+79409264514
360,Miguel,+79087896155
3900,Sergio,+79876785540
172,Dawn,+79868810964
8811,Deborah,+79363550092
8157,Melissa,+79789241364
4872,Kevin,+79994021139
9780,Christine,+79209195101
9106,Heather,+79715688677
9511,Melissa,+79218989306
6041,Jacqueline,+79202731740
5332,Lynn,+79963895778
4360,Jake,+79317068671
2628,Miranda,+79151610696
1498,Trevor,+79598189817
1496,Michael,+79965544442
606,Derek,+79129377152
3908,Jared,+79001711115
959,Lindsay,+79489342978
5403,Michael,+79843960259
9243,Rick,+79651073821
5104,Amanda,+79185074818
9627,Timothy,+79482414587
3861,Rachel,+79667227604
2909,Wendy,+79636544465
7564,Julie,+79138772061
7654,Jessica,+79537858950
8355,Mark,+79099666422
2628,Jonathan,+79572058954
9815,Kathleen,+79800537028
446,Cristina,+79213234938
7996,Brent,+79142621908
7961,Deborah,+79338848361
3935,Ariana,+79910570231
297,Kirsten,+79738910511
4744,Christopher,+79695107679
9964,Billy,+79909648397
898,Charles,+79013415450
2290,Dylan,+79784804982
2140,Travis,+79075524746
9418,Anna,+79502793532
9318,Christopher,+79349841483
5693,Jesse,+79056569969
7811,Benjamin,+79160182968
4961,Gordon,+79932984219
4494,Samantha,+79609538963
6750,Rachel,+79790849751
1253,Elizabeth,+79133910050
8053,William,+79757996688
5278,Andrew,+79877103445
9320,Nancy,+79900982740
535,Rebecca,+79392655895
532,Kevin,+79868842200
7008,Tracy,+79049446856
9166,Brenda,+79778255433
8610,Alicia,+79982935016
733,Brian,+79942554091
2565,Brian,+79926223875
5022,Molly,+79741235448
6773,Heather,+79860988956
3545,Kimberly,+79637407968
5086,Kenneth,+79979787334
5555,Jennifer,+79724369562
5426,Shelly,+79294579620
1420,Jacob,+79962436434
6237,Anita,+79198327633
9892,Carla,+79292162430
4130,Miguel,+79996817278
8959,Leslie,+79985517906
8664,Kelsey,+79814817162
1854,Kimberly,+79298076822
6531,Ashley,+79866893696
4775,Victor,+79571158705
8174,Jacob,+79867052642
2585,Suzanne,+79681284392
875,Sarah,+79388097841
3541,Justin,+79016834210
4267,Kara,+79031636889
9435,Tiffany,+79717556497
6416,Andrea,+79442376865
4816,Amy,+79080225368
8525,Amy,+79703484540
1046,Ronald,+79126299549
8392,Tyler,+79152680172
9785,Cheryl,+79052698666
4747,Jeremy,+79897751069
2460,Ryan,+79230086711
6011,Jonathan,+79947760920
2706,Kevin,+79928879998
1336,Melissa,+79034452406
7136,Thomas,+79493183796
2069,Brittany,+79901747308
8193,Christopher,+79902390741
1096,Virginia,+79716583323
1759,Erica,+79064730519
2420,Karina,+79430227889
7582,Theresa,+79821817062
6751,Brett,+79926959540
5364,John,+79890955972
4065,Rodney,+79433230145
3640,Stephanie,+79561472151
242,Eric,+79437995324
232,Courtney,+79994700287
9410,Monica,+79880604219
1074,Alexa,+79594716379
6540,Madison,+79929402293
424,Kelly,+79038535811
827,Alexandra,+79463060359
6863,Henry,+79654124866
4757,Melissa,+79267328147
6538,Jeff,+79791024490
3610,Traci,+79394573306
2326,Edward,+79934549846
9065,Nancy,+79197646213
7637,Stephen,+79146537931
7076,Daniel,+79844299760
1959,Jesse,+79319748110
6605,Gloria,+79840253497
6098,Gregory,+79913503691
9029,David,+79531774646
4823,Dustin,+79783777300
2583,Tyler,+79693937562
4747,Edward,+79030805393
4299,David,+79679098073
9761,Anna,+79307493220
1549,Donna,+79085498795
410,Ebony,+79826249299
1972,Brent,+79871050183
2185,Ellen,+79138561606
7925,Michelle,+79429970325
8541,Amber,+79748304388
186,Jennifer,+79650170211
8600,Shannon,+79169486774
8321,Michelle,+79274281558
6088,Cheryl,+79263615481
8867,Benjamin,+79826698265
6347,Paige,+79521282690
4252,Angela,+79131429350
8184,Jessica,+79747091545
2895,Shelia,+79931293825
8412,Brian,+79927601136
40,Gabriel,+79735976083
1082,Ashley,+79227817548
6864,Mitchell,+79143696476
2830,Teresa,+79935970910
9658,Crystal,+79977147555
7434,James,+79781817884
1655,Jenny,+79930274584
9362,Sean,+79406196173
5194,Theresa,+79422740444
2824,Tiffany,+79157500783
2077,Keith,+79974798745
5821,Destiny,+79968967882
2127,Spencer,+79692695569
1875,Aaron,+79926775975
6470,Karen,+79588654140
2983,Steven,+79315940452
3021,Bernard,+79466910940
1336,Timothy,+79332588934
9884,Michelle,+79554605842
8634,Edwin,+79867876030
9245,Jessica,+79579299154
3031,Kelly,+79657151098
1261,Vincent,+79160204451
4320,Brian,+79382282860
6046,Martha,+79003019386
4628,Bernard,+79998652555
3558,Barbara,+79495462172
7264,Elizabeth,+79301328734
4908,Mary,+79276778205
3077,Cheryl,+79259006057
6033,Stephanie,+79916643969
6871,Mary,+79201244835
7834,Amber,+79294357326
6578,Karen,+79819493587
7555,Michele,+79512875394
3755,Tamara,+79049759670
2126,Christina,+79905067054
4268,Christian,+79771829751
7627,Nathaniel,+79281211293
5154,Joyce,+79839601898
8659,Christopher,+79473991195
9174,Michelle,+79043207508
4938,Michael,+79695858640
9461,Stuart,+79508957487
8048,Michelle,+79150096867
907,Deanna,+79964526891
2072,Darrell,+79307152731
8105,Cheryl,+79839473358
5161,Nathan,+79507450882
4269,Chelsea,+79899720505
7530,Nichole,+79093080057
5345,Sarah,+79654809244
9292,Jennifer,+79185051158
8340,Lisa,+79065726935
7990,Kristina,+79123846211
2755,Kenneth,+79264809373
6099,Barbara,+79939550214
2992,Joseph,+79170982073
2221,Christopher,+79758277538
549,Norma,+79719245532
2562,Tina,+79569496871
5556,Michael,+79581463275
8181,James,+79782508997
1043,Amy,+79192160148
2846,Christine,+79858960765
5457,Sarah,+79652686795
5554,Lisa,+79277898114
3485,Catherine,+79192149012
390,Steven,+79464689100
2033,Laura,+79184481202
4317,Joseph,+79773972008
6242,Alexander,+79343355996
2705,Stephanie,+79723399833
1702,Stephanie,+79663800515
6020,Bryan,+79156204020
2774,Cynthia,+79872879589
2904,Nathan,+79782486793
1390,Corey,+79235769879
450,Joseph,+79521433380
1203,David,+79870519356
4178,Carmen,+79095254786
215,Martha,+79000267118
6123,Daniel,+79246573663
544,Nathan,+79753191056
9916,Sean,+79752545617
7545,Kevin,+79598654309
1169,Dennis,+79944447977
6509,Melissa,+79689487554
740,Adrian,+79190568256
9894,Debbie,+79287594227
8620,James,+79952258023
2159,Daniel,+79602829896
797,Joseph,+79205560579
1760,Megan,+79428450119
2047,Michele,+79884605649
7753,James,+79066418792
8720,Ricky,+79357720021
2303,Kelsey,+79190645750
1393,Sara,+79324930913
3115,Sarah,+79287661198
8664,Elizabeth,+79238307882
627,Diana,+79084786325
9976,Robert,+79523601121
9439,Omar,+79638120879
4453,Phillip,+79661170842
3415,Scott,+79798166161
7959,Mary,+79053249666
7733,Tabitha,+79582142834
7552,Kevin,+79875649066
8787,Ryan,+79167424423
2004,Tara,+79119746000
1774,Collin,+79554895879
5315,Michael,+79705519123
3929,Michael,+79964483127
3529,Anne,+79897074748
7731,Christine,+79872777248
8697,Michael,+79839342170
7220,Angela,+79756051167
7936,Laura,+79728125875
9804,Michele,+79557634667
8761,Danielle,+79697283995
4363,Melissa,+79489372247
7217,David,+79716147305
4331,Kristin,+79378470885
2596,Heidi,+79281046328
9666,Elizabeth,+79027318465
74,Charlene,+79974579729
7586,Katie,+79942571823
141,Kristin,+79154522898
5402,Toni,+79757431057
8776,Scott,+79554411775
2626,Curtis,+79315514189
4258,Robyn,+79923251667
1535,Bradley,+79886908474
1333,Linda,+79165562347
3028,Edward,+79549026469
230,Eric,+79081031107
9877,Timothy,+79489525779
4626,Thomas,+79859910236
4172,Antonio,+79406926021
1723,Gerald,+79261288534
2361,Timothy,+79154898095
4099,William,+79187606975
2150,David,+79079913264
2511,Laura,+79716005365
4142,Teresa,+79945564687
9459,Jessica,+79577890338
5345,Brittany,+79286259239
8089,Cheryl,+79405061780
6506,Dawn,+79288887575
2772,Megan,+79945644975
6529,Andrew,+79882865754
4767,Rebecca,+79227006032
7972,Jessica,+79194626771
2239,Melissa,+79830284188
9066,Heather,+79046079985
6680,Maria,+79416654429
9864,Kristie,+79879839753
2183,Louis,+79144317064
5502,Karla,+79152969102
1338,Vanessa,+79795566864
4967,Tracy,+79661226103
8333,Nancy,+79139379738
3595,Mark,+79498352475
312,Samantha,+79053384949
4015,Holly,+79524964530
3403,Jay,+79140684661
6375,Benjamin,+79958991629
8755,Brenda,+79941638288
8174,Jeanne,+79016516638
3976,Monica,+79716890965
9426,Samuel,+79889938062
9392,John,+79486505600
4923,Kelly,+79645914113
317,Ariel,+79734094220
9537,Linda,+79757684279
8268,Kristi,+79003602818
4145,Patrick,+79399330142
979,Ann,+79955279965
7994,Kristen,+79122554494
606,Nancy,+79746149845
4115,Alexander,+79940161107
452,Eric,+79850330630
6873,Megan,+79206264120
6637,Angela,+79863643189
2928,Connor,+79492166731
9875,James,+79235237000
1748,Lisa,+79240206952
5270,Sean,+79810316023
4720,Kayla,+79954624268
1135,Anthony,+79060525420
2705,Christine,+79120065563
5544,Joan,+79459725292
5695,Linda,+79223508400
6720,Seth,+79787494197
8685,Michael,+79875939866
424,Bryan,+79172186048
3375,Julie,+79665216321
8435,Alexis,+79322864796
723,Amber,+79404366038
9233,Andrew,+79105035671
566,James,+79200643495
4818,Tina,+79376661036
2689,Ashley,+79578068409
3611,Robert,+79982557502
4577,Ruben,+79157165805
634,Joseph,+79190100051
6747,Patrick,+79106281929
3054,Lance,+79947160339
8161,Jerry,+79951353181
9665,Jerry,+79029706010
483,Jon,+79479992524
7967,Austin,+79581905340
9366,Cristian,+79636554176
3955,Ashley,+79359500977
8137,Jason,+79288540724
6005,Tracy,+79015116552
5226,Scott,+79417572422
6514,Jennifer,+79932396261
9157,Joel,+79244695585
2479,Margaret,+79412687045
8460,Angela,+79038660306
609,Linda,+79548737672
6383,Kenneth,+79888214458
3499,Amber,+79290431807
6367,Cory,+79447371976
496,Christopher,+79186030815
2355,Melinda,+79682633456
361,William,+79022124063
5720,Brenda,+79095856797
3975,Audrey,+79433730592
9540,Patricia,+79823127325
9708,Joshua,+79407509681
4375,Sally,+79498335648
7616,Ashley,+79487342355
8576,Scott,+79556046944
4916,Amy,+79746544707
3921,Miranda,+79344012993
1013,Beth,+79867190757
8324,Maurice,+79438634708
2967,Cheryl,+79048114641
8742,Sarah,+79238231768
1062,Andrea,+79677091369
4190,Jesse,+79583882415
6727,Frederick,+79387335238
4208,Donald,+79802003144
1573,William,+79429666965
7212,Christopher,+79478048203
2543,Angelica,+79534245511
6905,Joshua,+79659581302
8463,Alexis,+79767567374
3260,Michelle,+79808968818
8576,Joy,+79847407689
741,Deborah,+79475012763
9712,Christopher,+79548890840
2186,Christina,+79833253614
4594,Craig,+79598620688
1783,Bryan,+79027756855
3584,April,+79150647901
8289,Carrie,+79985641371
5182,Robert,+79097683538
7986,Michael,+79826394685
3177,Courtney,+79555201661
2547,Charles,+79584918195
5599,Brenda,+79750262371
5279,Robert,+79147711094
5140,Christine,+79148211742
9751,Johnny,+79080003257
5845,Michael,+79897041183
4388,Jason,+79715812067
5643,Anthony,+79987373065
3881,Andrew,+79375138049
7001,Karen,+79315031640
7409,Brooke,+79412298896
306,Carol,+79811144887
8136,Timothy,+79438136114
9755,Brooke,+79372789512
8955,Hannah,+79645965016
8796,Terry,+79844643827
4107,John,+79602550747
3163,Ruth,+79740874675
5791,Brittany,+79466248994
3717,Howard,+79192397903
6924,Tonya,+79145446252
8596,Ernest,+79519576300
648,Daniel,+79033879340
6284,Kimberly,+79635350130
6278,Steven,+79078882330
4987,Robert,+79472575879
7805,Marie,+79013686176
1301,Shane,+79177144427
1201,Jesse,+79785926053
6693,Chad,+79388304357
202,Cindy,+79041052040
8402,Jordan,+79410099475
7889,Vickie,+79293351974
2341,Steven,+79914528217
2549,Michael,+79999528437
520,Tonya,+79193709455
1553,Lisa,+79883453870
5523,Amy,+79518880748
907,Kenneth,+79798390484
9848,Dwayne,+79421138994
6822,Nichole,+79897651998
9154,Dillon,+79890674032
4169,John,+79383289823
4934,Christine,+79698263257
2020,Megan,+79434967042
6768,Alexandria,+79143805711
6323,Carlos,+79560817259
7169,Jeffrey,+79357099309
2820,Caleb,+79750711359
1811,George,+79241999392
5612,Zachary,+79682859457
1276,Veronica,+79526164936
4896,Walter,+79746285772
4105,Patricia,+79392489773
2706,Kelly,+79927144323
2592,Cindy,+79959515105
3108,Daniel,+79096097473
5454,Natalie,+79564800888
8164,Stephanie,+79023301065
9751,Andrew,+79101370811
515,Bryan,+79146513351
5021,Gloria,+79022182781
476,Sean,+79986049903
5056,Jason,+79473307398
7261,Christopher,+79575212032
2862,Christopher,+79841602894
2738,Susan,+79117275023
7135,James,+79675946597
1734,James,+79119408605
4712,Duane,+79229238813
2187,Rebecca,+79498252005
8992,Donna,+79504307265
9717,Thomas,+79118828843
184,Tiffany,+79766877485
3832,Eric,+79092011130
233,Craig,+79396171147
7835,Christina,+79445265655
6997,Mathew,+79908099641
5229,Michael,+79773791560
6001,Daniel,+79036646005
2754,Brittany,+79917078046
6467,Heather,+79283751079
2691,Andrew,+79567588976
7934,Joshua,+79675198174
6750,Alicia,+79160927193
1833,Brian,+79541124832
585,Samantha,+79930576307
3874,Sean,+79339204385
17,Andrew,+79909637199
7419,Denise,+79076609989
1202,Joseph,+79949675218
1457,Sheila,+79095264109
2109,Brooke,+79613588945
4720,David,+79464921190
9300,Jason,+79830564229
214,Amy,+79772397847
3009,Shawn,+79078924130
8711,Ryan,+79358910144
8272,Summer,+79800119357
177,Marissa,+79695721243
1476,Vanessa,+79500983229
5440,Shelly,+79269222153
4916,Gabriela,+79119331770
7745,Heather,+79903342906
1662,Shawn,+79207045095
1957,Chelsea,+79041274384
2684,Robert,+79822571588
8554,Martha,+79687139455
5328,Larry,+79859590900
5459,Jacqueline,+79226623024
22,Susan,+79193254124
854,Andrew,+79986333141
8617,Sarah,+79436520053
5386,Sheila,+79490227905
95,Derrick,+79737834493
2453,Jennifer,+79255150434
1077,Jessica,+79187130424
3413,Michelle,+79900813792
175,Eric,+79753077089
9748,Phillip,+79423608494
8618,Elizabeth,+79907684819
6786,Kayla,+79609907736
102,John,+79945120374
4506,Kelli,+79336289177
8098,Mike,+79600497876
1059,Tiffany,+79454763843
4702,Michael,+79096911171
673,Susan,+79437985060
5741,Richard,+79803581158
6856,Paige,+79347059258
1411,Mark,+79168796567
5018,Peter,+79015533971
916,Kayla,+79318810104
8476,William,+79218692940
823,David,+79336419058
7678,Allison,+79111878762
2043,Sara,+79307217201
4935,Lori,+79193459843
5491,Jesse,+79782947421
7198,Marcus,+79885548108
629,David,+79371222544
6247,Cindy,+79953828350
8879,Alexander,+79648483074
4024,Briana,+79091830780
2125,Darlene,+79896152420
7669,Jeffrey,+79146192606
6645,Larry,+79472556567
9072,Lisa,+79391224209
8888,Brian,+79077611483
5110,Patrick,+79163817843
4316,Lisa,+79273614556
2363,Danny,+79864272244
1751,Clarence,+79771155574
6952,Maria,+79086627546
5842,Christina,+79386622939
5076,Louis,+79902648471
4268,Karen,+79333591704
7364,Paul,+79979782199
986,Samuel,+79877457151
7523,Alexander,+79425823175
9957,Elizabeth,+79562298647
7683,Arthur,+79136095036
2970,Timothy,+79198529261
1287,Susan,+79060377035
6830,Joel,+79304847993
5304,Lance,+79402397188
5255,Richard,+79623373249
5690,Cody,+79790769654
3099,James,+79691946786
6348,Thomas,+79807044375
9216,Glenn,+79737336673
4944,Christopher,+79366230712
4761,Amanda,+79146689128
3358,Curtis,+79125585807
12,April,+79676242355
2514,Maria,+79455275379
8210,Shelly,+79801009849
7815,James,+79372810848
5972,Jennifer,+79358595207
66,Aaron,+79490353356
8697,Randy,+79582453725
7764,Joseph,+79257012476
6430,Benjamin,+79837044704
3567,Richard,+79863430855
7077,Jeffrey,+79592069050
3384,Charles,+79274357217
7295,Stacy,+79183186467
3894,Kimberly,+79738349150
510,Michelle,+79090187814
2489,Kyle,+79106744702
3316,Patricia,+79538420091
5842,Mary,+79592242335
4260,Joseph,+79041525618
7942,Erin,+79713437680
278,Mary,+79654813613
9050,William,+79613751175
2617,Jaime,+79021164432
4790,Kimberly,+79007630935
4007,Latoya,+79000829381
1497,Rose,+79008741964
5678,John,+79234187542
4696,Richard,+79273666961
266,Lauren,+79950387571
5633,Kathryn,+79447070362
126,Linda,+79034240265
1231,Kristin,+79210162057
7457,Linda,+79193857517
7292,Robert,+79558600777
9040,Angela,+79174839016
1018,Jeffery,+79235519710
8789,Daniel,+79941817208
9962,Diane,+79680832543
1864,Laura,+79088216069
8060,Justin,+79093541383
2603,Melissa,+79054060156
2257,Erika,+79055409536
8058,Jessica,+79232528283
5939,George,+79582580362
420,Russell,+79485796342
4707,Rick,+79826905217
6507,Laura,+79983748023
4424,Charles,+79764921107
8856,Elizabeth,+79273938796
6163,Jeremy,+79860338398
5596,Brian,+79092776625
2595,Ashley,+79719698073
1814,Mary,+79422491234
2270,Roger,+79326849865
8906,Tammy,+79224429649
4523,William,+79291359805
4672,Karl,+79464998768
8585,Kara,+79925413827
8598,Paul,+79322540809
8538,Meghan,+79682965150
8507,Connie,+79320786861
6959,Daniel,+79098590566
7132,Jennifer,+79250350240
6985,Mark,+79364737764
3303,Rebecca,+79273927795
2484,Rebecca,+79364773238
1234,Bryan,+79609359066
1532,Steven,+79998097797
3499,Joshua,+79016196702
5982,Christine,+79404309316
1630,Anna,+79331376689
4556,Taylor,+79879807709
7651,Anna,+79645357358
4322,Mark,+79228209864
2597,Emily,+79112639247
7382,Brian,+79529941562
4601,Daniel,+79483519714
7487,Michael,+79648824051
4966,Andrea,+79418533491
7946,Dylan,+79628647568
7333,Gary,+79287584425
8287,Rebecca,+79630496621
1201,Kelly,+79045389899
630,Deborah,+79448712195
3248,Joseph,+79870652011
8651,Christy,+79690845692
9529,Lauren,+79094328373
4020,Jessica,+79941579264
1690,Heather,+79737165095
7391,Sarah,+79448412581
9030,Madison,+79052435151
7330,Laura,+79886705709
3094,Jonathan,+79402030688
1828,Jennifer,+79528751048
929,Alexander,+79161662664
1602,Jennifer,+79669718860
7858,Jordan,+79826871826
8071,Erin,+79293089081
7774,Douglas,+79369177007
7170,Lindsay,+79736480343
7335,John,+79750542134
1405,Carlos,+79273779833
422,Keith,+79327773334
7190,Michael,+79878607175
2075,Lauren,+79939494447
3793,Luis,+79163397431
442,Jessica,+79269480201
9714,William,+79800702358
9456,Earl,+79144495569
3059,Eduardo,+79013769425
5248,Kimberly,+79966760473
181,Laura,+79847736165
5481,Katherine,+79100901241
7834,Diane,+79617934987
7489,Kayla,+79658312319
6562,Jeanne,+79711516322
9542,Garrett,+79394695244
4040,Carly,+79958530257
6787,Justin,+79006575771
6708,Emily,+79692086997
1574,Derek,+79395904373
2343,Maria,+79052093812
2821,Douglas,+79428561815
3795,Rachel,+79333784841
4458,Eric,+79509590125
6516,Peter,+79278591524
3401,Alicia,+79376422812
1780,Ricky,+79133949007
5702,Jeremy,+79826399479
2948,Jason,+79220176902
6109,Travis,+79498965229
3228,Jonathan,+79312915096
8846,Jesus,+79455089017
6129,Anthony,+79426710896
2082,Leslie,+79312833855
7516,Krista,+79728595820
8271,Christopher,+79681433990
3646,Regina,+79296246528
6934,Amanda,+79585998930
6036,Bobby,+79019031190
2009,Maria,+79919185937
7534,Norman,+79008038195
2466,Donald,+79282115684
5535,Ralph,+79706674639
4742,Donna,+79652952295
4691,Michael,+79387780115
431,Martha,+79716071060
1831,Audrey,+79897365914
444,Paul,+79464079197
8366,Heather,+79159616966
4895,Mariah,+79481635157
3712,Samantha,+79585979870
7805,Sarah,+79311957214
6981,Mark,+79519987791
1315,Mark,+79161694048
1635,Angelica,+79144022136
5990,Joseph,+79116164645
4440,Breanna,+79235107562
1721,Ashley,+79264158742
1040,Sandra,+79707661993
8478,Erica,+79665351759
9268,Jonathan,+79316801582
9700,Donald,+79779682903
5757,Jacob,+79744139446
9958,David,+79711098096
1599,Toni,+79698105653
22,David,+79160756719
2890,Michael,+79259387767
1257,Madison,+79682786214
7091,Dorothy,+79455664582
9683,Linda,+79505303563
9243,Rachel,+79592708252
8800,Mariah,+79969817472
8575,David,+79208860853
6442,Adam,+79625516455
2260,Anthony,+79430433457
3509,Emily,+79793166203
9589,Christopher,+79191498215
8261,Dana,+79301489408
7801,Kevin,+79877389322
702,Vincent,+79399962576
344,Jillian,+79240346601
5927,Edward,+79205965755
6742,Ann,+79832090649
937,Angela,+79249889729
4006,Victoria,+79043418993
1783,Tara,+79105662005
6831,James,+79918656579
6004,Dana,+79974742856
3122,Jimmy,+79610347484
7748,Tiffany,+79566315872
8273,Johnathan,+79706916387
736,Thomas,+79444932117
899,Ann,+79743789859
4040,Judy,+79364729745
4704,Mary,+79367441053
45,Luis,+79547439759
679,James,+79541808357
1977,Debbie,+79422543085
6599,William,+79945682776
4369,Hannah,+79630988227
2574,Pamela,+79749832538
5099,Nicole,+79882879126
8909,Terri,+79630915706
9258,Jacqueline,+79153058521
8974,Cheyenne,+79446774689
7487,Shawn,+79938982125
9965,Miguel,+79317376736
2496,Sean,+79031166867
5630,Robert,+79017233033
1285,Cynthia,+79548601140
7293,Miranda,+79279149397
688,Michelle,+79554632342
5004,Sabrina,+79258147518
3374,Laurie,+79988302757
6331,Sherri,+79431270884
5491,Kevin,+79312026195
646,John,+79465646696
6996,Brian,+79082799850
7258,Cheryl,+79988116091
8885,Amanda,+79920184328
642,Leslie,+79095517115
9933,Allison,+79510645575
3870,Jessica,+79373670649
7812,Martha,+79352342493
5800,Jasmine,+79245599017
1221,Scott,+79216854802
3491,Lisa,+79470093492
2911,Richard,+79574532827
3000,Steven,+79662410198
587,Kyle,+79310586910
9913,John,+79234391937
9901,James,+79862537941
4329,Sabrina,+79115349941
2320,Alexa,+79638633853
4978,Chase,+79012138301
2163,James,+79704439148
352,Samantha,+79326911265
5135,Jeffrey,+79999227342
262,Brooke,+79456812085
9831,Mallory,+79467083134
2367,Wendy,+79959197796
7471,Dwayne,+79565553728
9840,Jennifer,+79817444618
252,Jessica,+79170500443
1433,Garrett,+79249367394
3660,Melissa,+79734124266
160,Christine,+79758373811
9751,Courtney,+79060755432
3565,Chelsea,+79502760502
4577,Ethan,+79782313913
8871,John,+79323720904
5750,Alan,+79235104864
6543,Elijah,+79733508332
5977,Mark,+79135241531
4564,Daniel,+79663679354
2700,Frances,+79923633075
28,Michelle,+79591731415
1312,Matthew,+79142754146
4175,Jason,+79270850803
6688,Dalton,+79736228297
6341,Shannon,+79374754649
1201,Teresa,+79627476002
4135,Nathaniel,+79006186918
5950,Anthony,+79703377344
4066,Lisa,+79417581778
4153,Jason,+79823939822
3625,Emma,+79524422421
3359,Kelly,+79351308767
5097,Billy,+79845281989
663,Justin,+79062356462
6969,Brent,+79983327150
8492,April,+79954162346
1663,Michael,+79421619242
2949,Jodi,+79844640461
2510,Erica,+79742465830
1895,Christopher,+79883491234
5364,Travis,+79622649041
4039,Ronald,+79608455224
3761,Kevin,+79318141175
7080,Nicole,+79738534723
7270,Jasmine,+79759072456
5175,Julie,+79393608599
6973,Amanda,+79574725899
6900,Rita,+79873494094
5384,Monica,+79546648944
6959,David,+79553385104
4155,Chad,+79451371631
7669,Carol,+79344539624
6870,Peter,+79079475077
1178,Julie,+79231108025
6788,Karen,+79094930391
8052,Michael,+79287467850
5835,Richard,+79342657369
5580,Richard,+79472000148
2228,Ashlee,+79651355188
4536,James,+79935730717
7646,Sara,+79211138200
7336,Matthew,+79766401353
137,Elizabeth,+79109798595
971,Debra,+79291850229
7012,Maria,+79482380626
1736,Stacie,+79876499153
2966,Sarah,+79550226419
7882,Michael,+79289746902
3135,Alexandra,+79315587369
3170,James,+79475085999
443,Martha,+79515640795
7380,Don,+79356721076
8868,Amy,+79716978612
3106,Thomas,+79671437475
9716,Mark,+79486683810
7443,Mckenzie,+79546959511
2355,Henry,+79446634341
3808,Beth,+79565621374
2449,Tara,+79746179443
6610,James,+79496063642
8628,Travis,+79323088716
5923,Jeffrey,+79621343042
7819,Edward,+79572486748
564,Dustin,+79136305883
4044,Zachary,+79093583519
6726,Justin,+79335496407
8067,Lisa,+79670315650
7988,Anthony,+79279773019
8832,Michelle,+79929145588
3780,Elizabeth,+79936708689
2907,David,+79376022297
2829,Kristen,+79900751283
8192,Randy,+79845164210
5187,Tanya,+79138835708
7795,Jessica,+79772764003
5731,David,+79607229385
1522,Kristin,+79425260838
7921,Isaac,+79779387981
2122,Elizabeth,+79245909645
5835,Vicki,+79034254662
1225,Jamie,+79931196783
7201,Timothy,+79923088102
9899,Danny,+79874404684
2673,Heather,+79124930471
2364,John,+79312151736
9214,Anthony,+79308210485
3120,Aaron,+79828580323
4148,Latoya,+79181185248
3161,Kenneth,+79442407487
3582,Veronica,+79111433817
7720,John,+79961937772
9762,James,+79042888478
4696,Daniel,+79039751205
9634,Brandi,+79010478077
721,Scott,+79143540061
6926,Ronald,+79524959977
3455,Sharon,+79931459871
3723,Tiffany,+79571549988
4157,Benjamin,+79035337458
6258,William,+79677935909
1918,Christina,+79945058619
2740,Jessica,+79405057675
5525,Michelle,+79703341873
3530,Sharon,+79046018701
1018,Lisa,+79084455889
7012,William,+79922135556
3503,Christine,+79078519597
7041,Amanda,+79489955805
7963,Danny,+79585749977
5236,David,+79392763634
7223,David,+79446681309
4349,Cody,+79742500017
4164,Jennifer,+79417821792
4016,Cory,+79206522066
5063,Mark,+79359430774
5864,Roger,+79455260119
2190,Cynthia,+79512524839
8056,Cheryl,+79718500278
9556,Mary,+79986001403
1302,Lance,+79057940333
5867,Melinda,+79614917597
9875,Sherri,+79272911922
9613,James,+79792726256
3655,Caitlin,+79043076829
7793,Jane,+79365372164
339,Nathan,+79424837104
2673,Andrew,+79760360116
4812,Austin,+79046862204
9708,Stephen,+79716332160
7523,Laura,+79743019870
7599,Mary,+79734602449
2113,Sonya,+79997574494
6102,Michael,+79950649376
803,Elizabeth,+79431598523
2742,Jerry,+79948354241
2564,Marie,+79702794734
4009,Brooke,+79804294869
9736,Jeffrey,+79514169777
1912,Erin,+79127218118
6150,Kathryn,+79598672475
176,Jamie,+79135936700
1177,Charles,+79663381213
7998,Amanda,+79101919985
2594,Nicholas,+79752625116
4638,Edward,+79010455595
8206,Julie,+79489962444
9420,Linda,+79013116296
8112,Keith,+79669670650
6543,Joshua,+79430783530
3917,Jacob,+79215245012
5860,Eduardo,+79023034346
5318,Christopher,+79784651816
5782,Justin,+79515935604
3570,Marie,+79935238495
1167,Nicole,+79924670439
2158,Courtney,+79068658641
43,Joanna,+79609124540
7576,Michael,+79870582186
9230,Bethany,+79440049141
5128,Jennifer,+79559847006
2224,Heidi,+79180979915
3035,Kristina,+79213278555
6636,Tyler,+79421933100
9073,Charles,+79930150731
8480,Randy,+79299492668
1484,Rhonda,+79393348107
3650,Michael,+79461293631
4008,Frances,+79133140147
2347,John,+79202173188
6217,Kent,+79454209953
1577,Felicia,+79442291779
7730,John,+79057462647
6288,Michelle,+79824730012
4595,Donna,+79167181445
2894,Ashley,+79780686452
7340,Ryan,+79023169568
3593,Anthony,+79937069108
5535,Jonathan,+79096087946
1401,Janet,+79456946727
8368,Brenda,+79603909247
9435,Jack,+79257218996
2248,Vicki,+79306400828
6274,Frank,+79377414376
4433,Tamara,+79859457061
1292,Emma,+79776655356
2047,Steven,+79336519481
5321,Joseph,+79433757796
8518,Abigail,+79653022054
7552,Alexander,+79446358003
4726,Austin,+79108470608
3979,Benjamin,+79455639620
9971,Steven,+79274561585
4170,Clifford,+79164934043
6069,Antonio,+79833535054
2595,Richard,+79165940121
4645,Lisa,+79845267417
6557,Sonia,+79444974489
2180,Ricky,+79883406921
5397,Allison,+79529692768
6104,Meghan,+79841592983
4035,Melissa,+79826741830
7266,Anna,+79187977869
9232,Theodore,+79604879341
263,Christina,+79934634931
5292,Robert,+79588351101
6327,Rebecca,+79902197072
6776,Rachel,+79977249397
1747,Ashley,+79772099284
9700,Jeffrey,+79541180858
2150,Blake,+79112516347
2155,Ashley,+79621190884
253,Cheryl,+79838377797
4502,Rachel,+79961594627
9020,Lindsey,+79652059208
6750,David,+79788191772
1383,Patrick,+79325160926
1658,Caleb,+79743310151
432,Frank,+79469547473
5085,Mark,+79903892025
2488,David,+79046334235
5162,Alexandria,+79843423861
9089,Ryan,+79772519513
1801,Carolyn,+79282274927
3900,Michael,+79359179048
2889,Michael,+79399713848
8061,Stephanie,+79894976507
5,Christine,+79699070064
1928,Ashley,+79746561889
8656,William,+79131192159
3453,Steven,+79339428646
3355,Jamie,+79466171217
2677,Karina,+79019138196
8404,Rachel,+79680704193
5603,Mindy,+79941273774
6526,Jennifer,+79128525617
354,April,+79327816615
8375,Katie,+79880049396
1390,Tonya,+79092895808
8636,Ronald,+79368708168
521,Dustin,+79146564605
4558,Larry,+79532557756
9771,Beth,+79910602840
8819,Brandon,+79423108198
2468,Ryan,+79158352157
141,Joshua,+79834985756
4285,Joseph,+79890636354
7319,Greg,+79242959444
6106,Matthew,+79693685804
3302,Virginia,+79212785264
7486,Miguel,+79665668594
5522,Elizabeth,+79815823791
370,Brianna,+79003840393
6954,Katie,+79974377031
5843,Crystal,+79411742647
8632,Christopher,+79059452473
4119,Alexander,+79054954399
3660,Shane,+79242334118
6683,Jordan,+79120902228
6947,Lori,+79118758171
9747,Cole,+79867225860
3176,Alexa,+79136268683
3684,John,+79248995764
464,Mark,+79594530459
493,Sabrina,+79208259808
745,Kimberly,+79564390397
6253,Brandon,+79837351145
376,Ian,+79322313363
3452,Donald,+79639524305
8181,Anthony,+79994673298
5512,Kyle,+79679147905
8123,Miguel,+79670480687
7791,Leslie,+79745742514
452,Juan,+79887748667
5423,Elizabeth,+79869417816
9467,Regina,+79479980145
1361,Jasmine,+79323972155
2789,Bradley,+79176430286
7128,Joseph,+79150380838
2798,Tammie,+79359149709
4651,Catherine,+79609769989
3766,Ashley,+79406164806
5226,Becky,+79915792927
4181,Herbert,+79799269704
8386,Kyle,+79601107620
6031,Roger,+79928659014
2791,Lydia,+79418211418
1361,Kari,+79622648640
1864,Alexis,+79816847405
5719,Pamela,+79127906772
653,Cynthia,+79117301256
8891,Alexa,+79335455385
5766,Denise,+79446882739
9336,Rebecca,+79629286481
78,Sarah,+79129207946
5815,Brittany,+79366420055
4447,Michael,+79555420397
1702,Allison,+79138080573
1435,Cody,+79399361383
9606,Denise,+79275698101
7282,Bradley,+79001982912
5534,Christopher,+79996439447
4641,Benjamin,+79978956725
9250,Michael,+79284857884
4872,Regina,+79161405288
4983,Brian,+79731387330
7319,Kara,+79915428236
8705,Danielle,+79897916754
1481,Heidi,+79432246858
3060,Manuel,+79555145796
9185,Margaret,+79256065948
